file,class,type,cbo,cboModified,fanin,fanout,wmc,dit,noc,rfc,lcom,lcom*,tcc,lcc,totalMethodsQty,staticMethodsQty,publicMethodsQty,privateMethodsQty,protectedMethodsQty,defaultMethodsQty,visibleMethodsQty,abstractMethodsQty,finalMethodsQty,synchronizedMethodsQty,totalFieldsQty,staticFieldsQty,publicFieldsQty,privateFieldsQty,protectedFieldsQty,defaultFieldsQty,finalFieldsQty,synchronizedFieldsQty,nosi,loc,returnQty,loopQty,comparisonsQty,tryCatchQty,parenthesizedExpsQty,stringLiteralsQty,numbersQty,assignmentsQty,mathOperationsQty,variablesQty,maxNestedBlocksQty,anonymousClassesQty,innerClassesQty,lambdasQty,uniqueWordsQty,modifiers,logStatementsQty
C:\FinalProject1\java_design_patterns-master\java_design_patterns-master\composite\src\main\java\me\zbl\composite\EnglishSentence.java,EnglishSentence,class,3,4,1,3,3,1,0,2,1,0.0,0.0,0.0,2,0,2,0,0,0,2,0,0,0,0,0,0,0,0,0,0,0,0,10,0,1,0,0,0,1,0,0,0,0,1,0,0,0,10,1,0
C:\FinalProject1\java_design_patterns-master\chain\src\main\java\me\zbl\chain\Application.java,me.zbl.chain.Application,class,2,2,0,2,1,1,0,1,0,0.0,NaN,NaN,1,1,1,0,0,0,1,0,0,0,0,0,0,0,0,0,0,0,0,8,0,0,0,0,0,3,0,1,0,1,0,0,0,0,9,1,0
C:\FinalProject1\java_design_patterns-master\java_design_patterns-master\visitor\src\main\java\me\zbl\visitor\Boss.java,me.zbl.visitor.Boss,class,2,7,5,2,3,2,0,2,3,0.0,0.0,0.0,3,0,3,0,0,0,3,0,0,0,0,0,0,0,0,0,0,0,0,12,1,0,0,0,0,1,0,0,0,0,0,0,0,0,9,1,0
C:\FinalProject1\java_design_patterns-master\proxy\src\main\java\me\zbl\proxy\Customer.java,Customer,class,2,3,1,2,2,1,0,0,0,0.0,0.0,0.0,2,0,2,0,0,0,2,0,0,0,1,0,0,1,0,0,0,0,0,9,1,0,0,0,0,0,0,1,0,1,0,0,0,0,4,1,0
C:\FinalProject1\java_design_patterns-master\command\src\main\java\me\zbl\command\Color.java,me.zbl.command.Color,enum,0,2,2,0,2,1,0,0,0,0.0,1.0,1.0,2,0,1,0,0,1,2,0,0,0,1,0,0,1,0,0,0,0,0,8,1,0,0,0,0,2,0,1,0,1,0,0,0,0,13,1,0
C:\FinalProject1\java_design_patterns-master\java_design_patterns-master\command\src\main\java\me\zbl\command\Size.java,Size,enum,2,4,2,2,2,1,0,0,0,0.0,0.0,0.0,2,0,1,0,0,1,2,0,0,0,1,0,0,1,0,0,0,0,0,8,1,0,0,0,0,2,0,1,0,1,0,0,0,0,12,1,0
C:\FinalProject1\java_design_patterns-master\java_design_patterns-master\mediator\src\main\java\me\zbl\mediator\AbstractPartyMember.java,me.zbl.mediator.AbstractPartyMember,class,5,11,6,5,5,1,4,4,0,0.375,0.5,0.5,4,0,4,0,0,0,4,1,0,0,2,1,0,2,0,0,1,0,0,18,0,0,1,0,0,3,0,2,0,2,1,0,0,0,17,1025,3
C:\FinalProject1\java_design_patterns-master\mediator\src\main\java\me\zbl\mediator\Activity.java,Activity,enum,2,2,0,2,3,1,0,0,0,0.33333334,0.0,0.0,3,0,2,0,0,1,3,0,0,0,2,0,0,2,0,0,0,0,0,13,2,0,0,0,0,8,0,2,0,2,0,0,0,0,23,1,0
C:\FinalProject1\java_design_patterns-master\flyweight\src\main\java\me\zbl\flyweight\Sniper.java,me.zbl.flyweight.Sniper,class,3,5,2,3,1,1,0,3,0,0.0,NaN,NaN,1,0,1,0,0,0,1,0,0,0,1,1,0,1,0,0,1,0,1,6,0,0,0,0,0,1,0,1,0,1,0,0,0,0,10,1,1
C:\FinalProject1\java_design_patterns-master\java_design_patterns-master\command\src\main\java\me\zbl\command\Typist.java,Typist,class,7,9,2,7,6,1,0,8,0,0.33333334,0.0,0.0,4,0,4,0,0,0,4,0,0,0,3,1,0,3,0,0,1,0,0,35,1,0,0,0,0,6,0,5,0,5,1,0,0,0,19,17,5
C:\FinalProject1\java_design_patterns-master\composite\src\main\java\me\zbl\composite\ChineseSentence.java,me.zbl.composite.ChineseSentence,class,2,3,1,2,3,2,0,2,1,0.0,0.0,0.0,2,0,2,0,0,0,2,0,0,0,0,0,0,0,0,0,0,0,0,10,0,1,0,0,0,1,0,0,0,0,1,0,0,0,10,1,0
C:\FinalProject1\java_design_patterns-master\java_design_patterns-master\facade\src\main\java\me\zbl\facade\CourseFacade.java,CourseFacade,class,4,6,2,4,7,1,0,2,0,0.0,0.0,0.0,4,0,4,0,0,0,4,0,0,0,1,0,0,1,0,0,1,0,0,25,0,3,0,0,0,0,0,1,0,1,1,0,0,0,10,1,0
C:\FinalProject1\java_design_patterns-master\bridge\src\main\java\me\zbl\bridge\IntrepidEnemy.java,me.zbl.bridge.IntrepidEnemy,class,3,7,4,3,3,1,0,2,0,0.0,1.0,1.0,3,0,3,0,0,0,3,0,0,0,1,1,0,1,0,0,1,0,0,12,0,0,0,0,0,3,0,1,0,1,0,0,0,0,13,1,3
C:\FinalProject1\java_design_patterns-master\singleton\src\test\java\me\zbl\singleton\LazyInitializationDirectorTest.java,LazyInitializationDirectorTest,class,1,1,0,1,1,1,0,0,0,0.0,NaN,NaN,1,0,1,0,0,0,1,0,0,0,0,0,0,0,0,0,0,0,0,5,0,0,0,0,0,0,0,0,0,0,0,0,0,0,4,1,0
C:\FinalProject1\java_design_patterns-master\java_design_patterns-master\prototype\src\main\java\me\zbl\prototype\EstateDriver.java,me.zbl.prototype.EstateDriver,class,2,5,3,2,2,3,0,0,1,0.0,0.0,0.0,2,0,1,0,1,0,2,0,0,0,0,0,0,0,0,0,0,0,0,8,2,0,0,0,0,1,0,0,0,0,0,0,0,0,9,1,0
C:\FinalProject1\java_design_patterns-master\visitor\src\main\java\me\zbl\visitor\ManagerVisitor.java,ManagerVisitor,class,4,6,2,4,3,1,0,2,3,0.6666667,0.0,0.0,3,0,3,0,0,0,3,0,0,0,1,1,0,1,0,0,1,0,0,10,0,0,0,0,0,1,0,1,0,1,0,0,0,0,15,1,1
C:\FinalProject1\java_design_patterns-master\flyweight\src\main\java\me\zbl\flyweight\GunFactory.java,me.zbl.flyweight.GunFactory,class,6,7,1,6,7,1,0,2,0,0.0,1.0,1.0,2,0,2,0,0,0,2,0,0,0,1,0,0,1,0,0,0,0,0,38,1,0,1,0,0,0,0,6,0,2,2,0,0,0,13,1,0
C:\FinalProject1\java_design_patterns-master\decorator\src\test\java\me\zbl\decorator\CarpenterOperationsTest.java,me.zbl.decorator.CarpenterOperationsTest$InMemoryAppender,innerclass,3,3,0,3,4,2,0,7,0,0.25,0.5,0.5,4,0,3,0,1,0,4,0,0,0,1,0,0,1,0,0,0,0,0,16,2,0,0,0,1,0,1,1,1,1,0,0,0,0,19,2,0
C:\FinalProject1\java_design_patterns-master\java_design_patterns-master\prototype\src\main\java\me\zbl\prototype\OffRoadPassanger.java,me.zbl.prototype.OffRoadPassanger,class,2,5,3,2,2,3,0,0,1,0.0,0.0,0.0,2,0,1,0,1,0,2,0,0,0,0,0,0,0,0,0,0,0,0,8,2,0,0,0,0,1,0,0,0,0,0,0,0,0,11,1,0
C:\FinalProject1\java_design_patterns-master\prototype\src\main\java\me\zbl\prototype\OffRoadVehicle.java,OffRoadVehicle,class,4,7,3,4,2,1,0,0,1,0.0,0.0,0.0,2,0,1,0,1,0,2,0,0,0,0,0,0,0,0,0,0,0,0,8,2,0,0,0,0,1,0,0,0,0,0,0,0,0,10,1,0
C:\FinalProject1\java_design_patterns-master\bridge\src\main\java\me\zbl\bridge\Enemy.java,me.zbl.bridge.Enemy,interface,0,6,6,0,3,1,0,0,3,0.0,0.0,0.0,3,0,0,0,0,3,3,0,0,0,0,0,0,0,0,0,0,0,0,5,0,0,0,0,0,0,0,0,0,0,0,0,0,0,6,1,0
C:\FinalProject1\java_design_patterns-master\decorator\src\main\java\me\zbl\decorator\HammerSmithOperation.java,me.zbl.decorator.HammerSmithOperation,class,3,6,3,3,4,1,0,5,0,0.125,1.0,1.0,4,0,4,0,0,0,4,0,0,0,2,1,0,2,0,0,1,0,0,19,0,0,0,0,0,3,0,2,0,2,0,0,0,0,15,1,3
C:\FinalProject1\java_design_patterns-master\java_design_patterns-master\bridge\src\main\java\me\zbl\bridge\AncientWar.java,AncientWar,class,5,8,3,5,5,1,0,5,0,0.2,0.0,0.0,5,0,5,0,0,0,5,0,0,0,2,1,0,2,0,0,2,0,0,22,1,0,0,0,0,3,0,2,0,2,0,0,0,0,14,1,3
C:\FinalProject1\java_design_patterns-master\observer\src\main\java\me\zbl\observer\TimeObserver.java,TimeObserver,interface,0,2,2,0,1,1,2,0,0,0.0,NaN,NaN,1,0,0,0,0,1,1,0,0,0,0,0,0,0,0,0,0,0,0,3,0,0,0,0,0,0,0,0,0,0,0,0,0,0,5,1,0
C:\FinalProject1\java_design_patterns-master\flyweight\src\main\java\me\zbl\flyweight\Shooting.java,me.zbl.flyweight.Shooting,interface,0,6,6,0,1,1,0,0,0,0.0,NaN,NaN,1,0,0,0,0,1,1,0,0,0,0,0,0,0,0,0,0,0,0,3,0,0,0,0,0,0,0,0,0,0,0,0,0,0,2,1,0
C:\FinalProject1\java_design_patterns-master\memento\src\main\java\me\zbl\memento\Flower.java,FlowerMemento,innerclass,3,4,1,3,4,1,0,0,0,0.5,0.0,0.0,4,0,3,1,0,0,3,0,0,0,3,0,0,3,0,0,0,0,0,19,3,0,0,0,0,0,0,3,0,3,0,0,0,0,10,10,0
C:\FinalProject1\java_design_patterns-master\java_design_patterns-master\composite\src\test\java\me\zbl\composite\WriterTest.java,WriterTest,class,7,7,0,7,6,1,0,12,9,0.6666666,0.0,0.0,6,0,4,2,0,0,4,0,0,0,2,0,0,2,0,0,1,0,0,31,0,0,0,0,0,3,0,5,0,5,0,0,0,0,38,1,0
C:\FinalProject1\java_design_patterns-master\composite\src\test\java\me\zbl\composite\WriterTest.java,me.zbl.composite.WriterTest,class,6,7,1,6,6,1,0,12,9,0.6666666,0.0,0.0,6,0,4,2,0,0,4,0,0,0,2,0,0,2,0,0,1,0,2,31,0,0,0,0,0,3,0,5,0,5,0,0,0,0,38,1,0
C:\FinalProject1\java_design_patterns-master\prototype\src\main\java\me\zbl\prototype\EstateVehicle.java,EstateVehicle,class,4,7,3,4,2,1,0,0,1,0.0,0.0,0.0,2,0,1,0,1,0,2,0,0,0,0,0,0,0,0,0,0,0,0,8,2,0,0,0,0,1,0,0,0,0,0,0,0,0,9,1,0
C:\FinalProject1\java_design_patterns-master\chain\src\main\java\me\zbl\chain\Request.java,me.zbl.chain.Request$RequestType,enum,0,0,0,0,0,1,0,0,0,0.0,-1.0,-1.0,0,0,0,0,0,0,0,0,0,0,0,0,0,0,0,0,0,0,0,1,0,0,0,0,0,0,0,0,0,0,0,0,0,0,13,1,0
C:\FinalProject1\java_design_patterns-master\java_design_patterns-master\bridge\src\test\java\me\zbl\bridge\MordernWarTest.java,MordernWarTest,class,4,4,0,4,1,1,0,3,0,0.0,NaN,NaN,1,0,1,0,0,0,1,0,0,0,0,0,0,0,0,0,0,0,0,6,0,0,0,0,0,0,0,1,0,1,0,0,0,0,8,1,0
C:\FinalProject1\java_design_patterns-master\java_design_patterns-master\prototype\src\main\java\me\zbl\prototype\Prototype.java,me.zbl.prototype.Prototype,class,1,6,5,1,1,1,3,0,0,0.0,NaN,NaN,1,0,0,0,1,0,1,1,0,0,0,0,0,0,0,0,0,0,0,3,0,0,0,0,0,0,0,0,0,0,0,0,0,0,7,1025,0
C:\FinalProject1\java_design_patterns-master\factory-method\src\main\java\me\zbl\factory\method\Application.java,me.zbl.factory.method.Application,class,6,7,1,6,3,1,0,5,1,0.5,NaN,NaN,3,1,1,2,0,0,1,0,0,0,2,1,0,2,0,0,2,0,0,20,0,0,0,0,0,0,0,6,0,4,0,0,0,0,19,1,2
C:\FinalProject1\java_design_patterns-master\java_design_patterns-master\facade\src\main\java\me\zbl\facade\CourseParticipator.java,CourseParticipator,class,3,6,3,3,14,1,2,9,0,0.25,0.0,0.0,8,0,7,1,0,0,7,1,0,0,1,1,0,1,0,0,1,0,0,59,0,1,0,0,0,6,0,1,0,1,1,0,1,0,20,1025,6
C:\FinalProject1\java_design_patterns-master\java_design_patterns-master\visitor\src\main\java\me\zbl\visitor\Unit.java,me.zbl.visitor.Unit,class,2,6,4,2,3,1,3,1,0,0.0,1.0,1.0,2,0,2,0,0,0,2,0,0,0,1,0,0,1,0,0,0,0,0,11,0,1,0,0,0,0,0,1,0,1,1,0,0,0,7,1025,0
C:\FinalProject1\java_design_patterns-master\java_design_patterns-master\composite\src\main\java\me\zbl\composite\ChineseWord.java,ChineseWord,class,3,4,1,3,3,1,0,2,1,0.0,0.0,0.0,2,0,2,0,0,0,2,0,0,0,0,0,0,0,0,0,0,0,0,10,0,1,0,0,0,1,0,0,0,0,1,0,0,0,9,1,0
C:\FinalProject1\java_design_patterns-master\abstract-factory\src\main\java\me\zbl\abstractFactory\Member.java,me.zbl.abstractFactory.Member,interface,0,5,5,0,1,1,0,0,0,0.0,NaN,NaN,1,0,0,0,0,1,1,0,0,0,0,0,0,0,0,0,0,0,0,3,0,0,0,0,0,0,0,0,0,0,0,0,0,0,3,1,0
C:\FinalProject1\java_design_patterns-master\interpreter\src\main\java\me\zbl\interpreter\DivisionExpression.java,me.zbl.interpreter.DivisionExpression,class,1,2,1,1,3,2,0,1,1,0.33333334,0.33333334,0.33333334,3,0,3,0,0,0,3,0,0,0,2,0,0,2,0,0,0,0,0,14,2,0,0,0,0,1,0,2,1,2,0,0,0,0,9,1,0
C:\FinalProject1\java_design_patterns-master\bridge\src\main\java\me\zbl\bridge\MordernWar.java,me.zbl.bridge.MordernWar,class,4,7,3,4,5,1,0,5,0,0.2,1.0,1.0,5,0,5,0,0,0,5,0,0,0,2,1,0,2,0,0,2,0,0,22,1,0,0,0,0,3,0,2,0,2,0,0,0,0,14,1,3
C:\FinalProject1\java_design_patterns-master\proxy\src\main\java\me\zbl\proxy\DiningRoomProxy.java,DiningRoomProxy,class,4,6,2,4,3,1,0,3,0,0.33333334,0.0,0.0,2,0,2,0,0,0,2,0,0,0,3,1,0,3,0,0,1,0,0,18,0,0,0,0,0,2,1,2,0,3,1,0,0,0,14,1,2
C:\FinalProject1\java_design_patterns-master\java_design_patterns-master\state\src\main\java\me\zbl\state\IdleState.java,me.zbl.state.IdleState,class,4,6,2,4,3,1,0,2,0,0.16666667,1.0,1.0,3,0,3,0,0,0,3,0,0,0,2,1,0,2,0,0,1,0,0,13,0,0,0,0,0,2,0,2,0,2,0,0,0,0,13,1,2
C:\FinalProject1\java_design_patterns-master\java_design_patterns-master\decorator\src\test\java\me\zbl\decorator\CarpenterOperationsTest.java,CarpenterOperationsTest,class,7,7,0,7,3,1,0,7,0,0.0,0.0,0.0,3,0,3,0,0,0,3,0,0,0,1,0,0,1,0,0,0,0,0,35,0,0,0,0,0,3,1,2,0,2,0,0,1,0,17,1,0
C:\FinalProject1\java_design_patterns-master\java_design_patterns-master\singleton\src\main\java\me\zbl\singleton\EnumDirector.java,me.zbl.singleton.EnumDirector,enum,0,2,2,0,1,1,0,3,0,0.0,NaN,NaN,1,0,1,0,0,0,1,0,0,0,0,0,0,0,0,0,0,0,0,4,1,0,0,0,0,1,0,0,1,0,0,0,0,0,17,1,0
C:\FinalProject1\java_design_patterns-master\java_design_patterns-master\singleton\src\test\java\me\zbl\singleton\DirectorTest.java,me.zbl.singleton.DirectorTest,class,2,2,0,2,1,2,0,0,0,0.0,NaN,NaN,1,0,1,0,0,0,1,0,0,0,0,0,0,0,0,0,0,0,0,5,0,0,0,0,0,0,0,0,0,0,0,0,0,0,2,1,0
C:\FinalProject1\java_design_patterns-master\java_design_patterns-master\prototype\src\main\java\me\zbl\prototype\Driver.java,me.zbl.prototype.Driver,class,2,9,7,2,1,2,2,0,0,0.0,NaN,NaN,1,0,0,0,1,0,1,1,0,0,0,0,0,0,0,0,0,0,0,3,0,0,0,0,0,0,0,0,0,0,0,0,0,0,7,1025,0
C:\FinalProject1\java_design_patterns-master\prototype\src\main\java\me\zbl\prototype\OffRoadPassanger.java,OffRoadPassanger,class,4,7,3,4,2,1,0,0,1,0.0,0.0,0.0,2,0,1,0,1,0,2,0,0,0,0,0,0,0,0,0,0,0,0,8,2,0,0,0,0,1,0,0,0,0,0,0,0,0,11,1,0
C:\FinalProject1\java_design_patterns-master\java_design_patterns-master\bridge\src\main\java\me\zbl\bridge\TenderEnemy.java,TenderEnemy,class,4,6,2,4,3,1,0,2,0,0.0,0.0,0.0,3,0,3,0,0,0,3,0,0,0,1,1,0,1,0,0,1,0,0,12,0,0,0,0,0,3,0,1,0,1,0,0,0,0,13,1,3
C:\FinalProject1\java_design_patterns-master\java_design_patterns-master\strategy\src\main\java\me\zbl\strategy\TransportationTrain.java,me.zbl.strategy.TransportationTrain,class,3,5,2,3,1,1,0,2,0,0.0,NaN,NaN,1,0,1,0,0,0,1,0,0,0,1,1,0,1,0,0,1,0,0,6,0,0,0,0,0,1,0,1,0,1,0,0,0,0,10,1,1
C:\FinalProject1\java_design_patterns-master\singleton\src\test\java\me\zbl\singleton\EnumDirectorTest.java,EnumDirectorTest,class,1,1,0,1,1,1,0,0,0,0.0,NaN,NaN,1,0,1,0,0,0,1,0,0,0,0,0,0,0,0,0,0,0,0,5,0,0,0,0,0,0,0,0,0,0,0,0,0,1,3,1,0
C:\FinalProject1\java_design_patterns-master\java_design_patterns-master\singleton\src\main\java\me\zbl\singleton\ThreadSafeDoubleCheckLocking.java,me.zbl.singleton.ThreadSafeDoubleCheckLocking,class,1,4,3,1,5,1,0,0,0,0.0,NaN,NaN,2,1,1,1,0,0,1,0,0,0,1,1,0,1,0,0,0,0,0,20,1,0,3,0,0,1,0,4,0,2,3,0,0,0,19,17,0
C:\FinalProject1\java_design_patterns-master\mediator\src\main\java\me\zbl\mediator\Party.java,Party,interface,0,3,3,0,2,1,1,0,1,0.0,0.0,0.0,2,0,0,0,0,2,2,0,0,0,0,0,0,0,0,0,0,0,0,4,0,0,0,0,0,0,0,0,0,0,0,0,0,0,8,1,0
C:\FinalProject1\java_design_patterns-master\java_design_patterns-master\interpreter\src\main\java\me\zbl\interpreter\MultipleExpression.java,MultipleExpression,class,3,4,1,3,3,1,0,1,1,0.33333334,0.0,0.0,3,0,3,0,0,0,3,0,0,0,2,0,0,2,0,0,0,0,0,14,2,0,0,0,0,1,0,2,1,2,0,0,0,0,9,1,0
C:\FinalProject1\java_design_patterns-master\abstract-factory\src\main\java\me\zbl\abstractFactory\NewShip.java,me.zbl.abstractFactory.NewShip,class,1,3,2,1,1,1,0,0,0,0.0,NaN,NaN,1,0,1,0,0,0,1,0,0,0,1,1,0,0,0,1,1,0,0,6,1,0,0,0,0,1,0,1,0,1,0,0,0,0,14,1,0
C:\FinalProject1\java_design_patterns-master\adapter\src\main\java\me\zbl\adapter\Application.java,me.zbl.adapter.Application,class,2,2,0,2,1,1,0,1,0,0.0,NaN,NaN,1,1,1,0,0,0,1,0,0,0,0,0,0,0,0,0,0,0,0,6,0,0,0,0,0,0,0,1,0,1,0,0,0,0,7,1,0
C:\FinalProject1\java_design_patterns-master\java_design_patterns-master\strategy\src\main\java\me\zbl\strategy\TransportationAirplane.java,me.zbl.strategy.TransportationAirplane,class,3,5,2,3,1,1,0,2,0,0.0,NaN,NaN,1,0,1,0,0,0,1,0,0,0,1,1,0,1,0,0,1,0,0,6,0,0,0,0,0,1,0,1,0,1,0,0,0,0,10,1,1
C:\FinalProject1\java_design_patterns-master\java_design_patterns-master\singleton\src\main\java\me\zbl\singleton\LazyInitializationDirector.java,me.zbl.singleton.LazyInitializationDirector$InstanceHolder,innerclass,1,1,0,1,0,1,0,0,0,NaN,-1.0,-1.0,0,0,0,0,0,0,0,0,0,0,1,1,0,1,0,0,1,0,0,3,0,0,0,0,0,0,0,1,0,1,0,0,0,0,12,10,0
C:\FinalProject1\java_design_patterns-master\java_design_patterns-master\facade\src\test\java\me\zbl\facade\CourseFacadeTest.java,CourseFacadeTest,class,6,6,0,6,3,1,0,7,0,0.0,0.0,0.0,3,0,3,0,0,0,3,0,0,0,1,0,0,1,0,0,0,0,0,44,0,0,0,0,0,10,3,2,0,2,0,0,1,0,21,1,0
C:\FinalProject1\java_design_patterns-master\java_design_patterns-master\interpreter\src\main\java\me\zbl\interpreter\DivisionExpression.java,DivisionExpression,class,3,4,1,3,3,1,0,1,1,0.33333334,0.0,0.0,3,0,3,0,0,0,3,0,0,0,2,0,0,2,0,0,0,0,0,14,2,0,0,0,0,1,0,2,1,2,0,0,0,0,9,1,0
C:\FinalProject1\java_design_patterns-master\java_design_patterns-master\bridge\src\test\java\me\zbl\bridge\AncientWarTest.java,AncientWarTest,class,4,4,0,4,1,1,0,3,0,0.0,NaN,NaN,1,0,1,0,0,0,1,0,0,0,0,0,0,0,0,0,0,0,0,6,0,0,0,0,0,0,0,1,0,1,0,0,0,0,8,1,0
C:\FinalProject1\java_design_patterns-master\java_design_patterns-master\prototype\src\main\java\me\zbl\prototype\EstatePassanger.java,me.zbl.prototype.EstatePassanger,class,2,5,3,2,2,3,0,0,1,0.0,0.0,0.0,2,0,1,0,1,0,2,0,0,0,0,0,0,0,0,0,0,0,0,8,2,0,0,0,0,1,0,0,0,0,0,0,0,0,10,1,0
C:\FinalProject1\java_design_patterns-master\java_design_patterns-master\state\src\main\java\me\zbl\state\Coder.java,me.zbl.state.Coder,class,4,8,4,4,5,1,0,5,0,0.0,1.0,1.0,4,0,3,1,0,0,3,0,0,0,1,0,0,1,0,0,0,0,0,21,0,0,0,0,0,0,0,2,0,1,1,0,0,0,11,1,0
C:\FinalProject1\java_design_patterns-master\prototype\src\main\java\me\zbl\prototype\OffRoadDriver.java,OffRoadDriver,class,4,7,3,4,2,1,0,0,1,0.0,0.0,0.0,2,0,1,0,1,0,2,0,0,0,0,0,0,0,0,0,0,0,0,8,2,0,0,0,0,1,0,0,0,0,0,0,0,0,10,1,0
C:\FinalProject1\java_design_patterns-master\java_design_patterns-master\flyweight\src\main\java\me\zbl\flyweight\Submachine.java,Submachine,class,4,6,2,4,1,1,0,3,0,0.0,NaN,NaN,1,0,1,0,0,0,1,0,0,0,1,1,0,1,0,0,1,0,0,6,0,0,0,0,0,1,0,1,0,1,0,0,0,0,10,1,1
C:\FinalProject1\java_design_patterns-master\java_design_patterns-master\visitor\src\main\java\me\zbl\visitor\ManagerVisitor.java,me.zbl.visitor.ManagerVisitor,class,6,8,2,6,3,1,0,2,3,0.6666667,0.0,0.0,3,0,3,0,0,0,3,0,0,0,1,1,0,1,0,0,1,0,0,10,0,0,0,0,0,1,0,1,0,1,0,0,0,0,15,1,1
C:\FinalProject1\java_design_patterns-master\facade\src\main\java\me\zbl\facade\CourseFacade.java,me.zbl.facade.CourseFacade,class,3,5,2,3,7,1,0,2,0,0.0,1.0,1.0,4,0,4,0,0,0,4,0,0,0,1,0,0,1,0,0,1,0,0,25,0,3,0,0,0,0,0,1,0,1,1,0,0,0,10,1,0
C:\FinalProject1\java_design_patterns-master\java_design_patterns-master\factory-method\src\main\java\me\zbl\factory\method\Food.java,Food,interface,1,8,7,1,1,1,2,0,0,0.0,NaN,NaN,1,0,0,0,0,1,1,0,0,0,0,0,0,0,0,0,0,0,0,3,0,0,0,0,0,0,0,0,0,0,0,0,0,0,3,1,0
C:\FinalProject1\java_design_patterns-master\java_design_patterns-master\adapter\src\main\java\me\zbl\adapter\Bus.java,Bus,class,2,4,2,2,1,1,0,2,0,0.0,NaN,NaN,1,0,1,0,0,0,1,0,0,0,1,1,0,1,0,0,1,0,0,6,0,0,0,0,0,1,0,1,0,1,0,0,0,0,8,1,1
C:\FinalProject1\java_design_patterns-master\java_design_patterns-master\singleton\src\main\java\me\zbl\singleton\Application.java,me.zbl.singleton.Application,class,7,8,1,7,1,1,0,7,0,0.0,NaN,NaN,1,1,1,0,0,0,1,0,0,0,1,1,0,1,0,0,1,0,8,25,0,0,0,0,0,10,0,11,0,11,0,0,0,0,29,1,10
C:\FinalProject1\java_design_patterns-master\template-method\src\main\java\me\zbl\template\method\LearningMethod.java,LearningMethod,class,3,7,4,3,4,1,2,5,6,0.75,0.0,0.0,4,0,1,0,3,0,4,3,0,0,1,1,0,1,0,0,1,0,0,12,0,0,0,0,0,1,0,2,0,2,0,0,0,0,14,1025,1
C:\FinalProject1\java_design_patterns-master\interpreter\src\main\java\me\zbl\interpreter\Expression.java,me.zbl.interpreter.Expression,class,0,6,6,0,2,1,5,0,1,0.0,0.0,0.0,2,0,2,0,0,0,2,2,0,0,0,0,0,0,0,0,0,0,0,4,0,0,0,0,0,0,0,0,0,0,0,0,0,0,5,1025,0
C:\FinalProject1\java_design_patterns-master\java_design_patterns-master\bridge\src\main\java\me\zbl\bridge\IntrepidEnemy.java,IntrepidEnemy,class,4,8,4,4,3,1,0,2,0,0.0,0.0,0.0,3,0,3,0,0,0,3,0,0,0,1,1,0,1,0,0,1,0,0,12,0,0,0,0,0,3,0,1,0,1,0,0,0,0,13,1,3
C:\FinalProject1\java_design_patterns-master\java_design_patterns-master\observer\src\main\java\me\zbl\observer\Time.java,me.zbl.observer.Time,class,4,6,2,4,6,1,0,8,0,0.4666667,0.8,1.0,5,0,5,0,0,0,5,0,0,0,3,1,0,3,0,0,1,0,1,26,0,1,0,0,1,1,1,5,2,4,1,0,0,0,18,1,1
C:\FinalProject1\java_design_patterns-master\java_design_patterns-master\prototype\src\test\java\me\zbl\prototype\FactoryTest.java,me.zbl.prototype.FactoryTest,class,5,5,0,5,1,1,0,13,0,0.0,NaN,NaN,1,0,1,0,0,0,1,0,0,0,0,0,0,0,0,0,0,0,0,18,0,0,0,0,0,0,0,4,0,4,0,0,0,0,21,1,0
C:\FinalProject1\java_design_patterns-master\java_design_patterns-master\visitor\src\main\java\me\zbl\visitor\Engineer.java,me.zbl.visitor.Engineer,class,2,7,5,2,3,2,0,2,3,0.0,0.0,0.0,3,0,3,0,0,0,3,0,0,0,0,0,0,0,0,0,0,0,0,12,1,0,0,0,0,1,0,0,0,0,0,0,0,0,9,1,0
C:\FinalProject1\java_design_patterns-master\observer\src\main\java\me\zbl\observer\TimePoint.java,TimePoint,enum,2,3,1,2,2,1,0,0,0,0.0,0.0,0.0,2,0,1,0,0,1,2,0,0,0,1,0,0,1,0,0,0,0,0,8,1,0,0,0,0,4,0,1,0,1,0,0,0,0,17,1,0
C:\FinalProject1\java_design_patterns-master\java_design_patterns-master\memento\src\main\java\me\zbl\memento\Flower.java,me.zbl.memento.Flower$FlowerMemento,innerclass,2,2,0,2,4,1,0,0,0,0.5,0.0,0.0,4,0,3,1,0,0,3,0,0,0,3,0,0,3,0,0,0,0,0,19,3,0,0,0,0,0,0,3,0,3,0,0,0,0,10,10,0
C:\FinalProject1\java_design_patterns-master\java_design_patterns-master\memento\src\main\java\me\zbl\memento\FlowerType.java,me.zbl.memento.FlowerType,enum,0,3,3,0,2,1,0,0,0,0.0,1.0,1.0,2,0,1,0,0,1,2,0,0,0,1,0,0,1,0,0,0,0,0,8,1,0,0,0,0,5,0,1,0,1,0,0,0,0,18,1,0
C:\FinalProject1\java_design_patterns-master\java_design_patterns-master\mediator\src\main\java\me\zbl\mediator\Officer.java,me.zbl.mediator.Officer,class,1,2,1,1,1,2,0,0,0,0.0,NaN,NaN,1,0,1,0,0,0,1,0,0,0,0,0,0,0,0,0,0,0,0,5,1,0,0,0,0,1,0,0,0,0,0,0,0,0,6,1,0
C:\FinalProject1\java_design_patterns-master\strategy\src\main\java\me\zbl\strategy\TransportationStrategy.java,TransportationStrategy,interface,1,5,4,1,1,1,3,0,0,0.0,NaN,NaN,1,0,0,0,0,1,1,0,0,0,0,0,0,0,0,0,0,0,0,3,0,0,0,0,0,0,0,0,0,0,0,0,0,0,3,1,0
C:\FinalProject1\java_design_patterns-master\abstract-factory\src\main\java\me\zbl\abstractFactory\YoungTeamFactory.java,me.zbl.abstractFactory.YoungTeamFactory,class,7,9,2,7,3,1,0,0,3,0.0,0.0,0.0,3,0,3,0,0,0,3,0,0,0,0,0,0,0,0,0,0,0,0,11,3,0,0,0,0,0,0,0,0,0,0,0,0,0,8,1,0
C:\FinalProject1\java_design_patterns-master\composite\src\main\java\me\zbl\composite\ChineseWord.java,me.zbl.composite.ChineseWord,class,2,4,2,2,3,2,0,2,1,0.0,0.0,0.0,2,0,2,0,0,0,2,0,0,0,0,0,0,0,0,0,0,0,0,10,0,1,0,0,0,1,0,0,0,0,1,0,0,0,9,1,0
C:\FinalProject1\java_design_patterns-master\flyweight\src\main\java\me\zbl\flyweight\HandGun.java,me.zbl.flyweight.HandGun,class,3,5,2,3,1,1,0,3,0,0.0,NaN,NaN,1,0,1,0,0,0,1,0,0,0,1,1,0,1,0,0,1,0,1,6,0,0,0,0,0,1,0,1,0,1,0,0,0,0,11,1,1
C:\FinalProject1\java_design_patterns-master\java_design_patterns-master\memento\src\main\java\me\zbl\memento\Plant.java,me.zbl.memento.Plant,interface,1,4,3,1,3,1,0,0,3,0.0,0.0,0.0,3,0,0,0,0,3,3,0,0,0,0,0,0,0,0,0,0,0,0,5,0,0,0,0,0,0,0,0,0,0,0,0,0,0,6,1,0
C:\FinalProject1\java_design_patterns-master\java_design_patterns-master\prototype\src\main\java\me\zbl\prototype\TeamFactoryImpl.java,me.zbl.prototype.TeamFactoryImpl,class,4,6,2,4,7,1,0,4,0,0.5,0.5,1.0,4,0,4,0,0,0,4,0,0,0,3,0,0,3,0,0,0,0,0,37,6,0,0,3,0,0,0,3,0,3,1,0,0,0,17,1,0
C:\FinalProject1\java_design_patterns-master\interpreter\src\main\java\me\zbl\interpreter\MultipleExpression.java,me.zbl.interpreter.MultipleExpression,class,1,2,1,1,3,2,0,1,1,0.33333334,0.33333334,0.33333334,3,0,3,0,0,0,3,0,0,0,2,0,0,2,0,0,0,0,0,14,2,0,0,0,0,1,0,2,1,2,0,0,0,0,9,1,0
C:\FinalProject1\java_design_patterns-master\bridge\src\main\java\me\zbl\bridge\Application.java,me.zbl.bridge.Application,class,7,8,1,7,1,1,0,5,0,0.0,NaN,NaN,1,1,1,0,0,0,1,0,0,0,1,1,0,1,0,0,1,0,0,24,0,0,0,0,0,3,0,5,0,5,0,0,0,0,20,1,3
C:\FinalProject1\java_design_patterns-master\java_design_patterns-master\facade\src\main\java\me\zbl\facade\CourseParticipator.java,Event,enum,0,0,0,0,0,1,0,0,0,0.0,-1.0,-1.0,0,0,0,0,0,0,0,0,0,0,0,0,0,0,0,0,0,0,0,1,0,0,0,0,0,0,0,0,0,0,0,0,0,0,11,8,0
C:\FinalProject1\java_design_patterns-master\java_design_patterns-master\abstract-factory\src\main\java\me\zbl\abstractFactory\Ship.java,Ship,interface,1,8,7,1,0,1,2,0,0,0.0,-1.0,-1.0,0,0,0,0,0,0,0,0,0,0,0,0,0,0,0,0,0,0,0,2,0,0,0,0,0,0,0,0,0,0,0,0,0,0,2,1,0
C:\FinalProject1\java_design_patterns-master\strategy\src\main\java\me\zbl\strategy\TransportationAirplane.java,TransportationAirplane,class,4,6,2,4,1,1,0,2,0,0.0,NaN,NaN,1,0,1,0,0,0,1,0,0,0,1,1,0,1,0,0,1,0,0,6,0,0,0,0,0,1,0,1,0,1,0,0,0,0,10,1,1
C:\FinalProject1\java_design_patterns-master\java_design_patterns-master\composite\src\main\java\me\zbl\composite\Writer.java,Writer,class,8,10,2,8,2,1,0,2,1,0.0,0.0,0.0,2,0,2,0,0,0,2,0,0,0,0,0,0,0,0,0,0,0,0,22,2,0,0,0,0,0,0,2,0,2,0,0,0,0,10,1,0
C:\FinalProject1\java_design_patterns-master\facade\src\main\java\me\zbl\facade\CourseTeacher.java,me.zbl.facade.CourseTeacher,class,1,2,1,1,1,2,0,0,0,0.0,NaN,NaN,1,0,1,0,0,0,1,0,0,0,0,0,0,0,0,0,0,0,0,5,1,0,0,0,0,1,0,0,0,0,0,0,0,0,4,1,0
C:\FinalProject1\java_design_patterns-master\java_design_patterns-master\abstract-factory\src\main\java\me\zbl\abstractFactory\YoungSailor.java,YoungSailor,class,2,4,2,2,1,1,0,0,0,0.0,NaN,NaN,1,0,1,0,0,0,1,0,0,0,1,1,0,0,0,1,1,0,0,6,1,0,0,0,0,1,0,1,0,1,0,0,0,0,14,1,0
C:\FinalProject1\java_design_patterns-master\java_design_patterns-master\prototype\src\main\java\me\zbl\prototype\OffRoadDriver.java,me.zbl.prototype.OffRoadDriver,class,2,5,3,2,2,3,0,0,1,0.0,0.0,0.0,2,0,1,0,1,0,2,0,0,0,0,0,0,0,0,0,0,0,0,8,2,0,0,0,0,1,0,0,0,0,0,0,0,0,10,1,0
C:\FinalProject1\java_design_patterns-master\java_design_patterns-master\singleton\src\test\java\me\zbl\singleton\LazyInitializationDirectorTest.java,me.zbl.singleton.LazyInitializationDirectorTest,class,2,2,0,2,1,2,0,0,0,0.0,NaN,NaN,1,0,1,0,0,0,1,0,0,0,0,0,0,0,0,0,0,0,0,5,0,0,0,0,0,0,0,0,0,0,0,0,0,0,4,1,0
C:\FinalProject1\java_design_patterns-master\prototype\src\main\java\me\zbl\prototype\EstateDriver.java,EstateDriver,class,4,7,3,4,2,1,0,0,1,0.0,0.0,0.0,2,0,1,0,1,0,2,0,0,0,0,0,0,0,0,0,0,0,0,8,2,0,0,0,0,1,0,0,0,0,0,0,0,0,9,1,0
C:\FinalProject1\java_design_patterns-master\command\src\main\java\me\zbl\command\Command.java,me.zbl.command.Command,class,0,4,4,0,4,1,2,0,6,0.0,0.0,0.0,4,0,4,0,0,0,4,4,0,0,0,0,0,0,0,0,0,0,0,6,0,0,0,0,0,0,0,0,0,0,0,0,0,0,6,1025,0
C:\FinalProject1\java_design_patterns-master\factory-method\src\main\java\me\zbl\factory\method\Cook.java,me.zbl.factory.method.Cook,interface,2,6,4,2,1,1,0,0,0,0.0,NaN,NaN,1,0,0,0,0,1,1,0,0,0,0,0,0,0,0,0,0,0,0,3,0,0,0,0,0,0,0,0,0,0,0,0,0,0,5,1,0
C:\FinalProject1\java_design_patterns-master\visitor\src\main\java\me\zbl\visitor\UnitVisitor.java,UnitVisitor,interface,0,3,3,0,3,1,3,0,3,0.0,0.0,0.0,3,0,0,0,0,3,3,0,0,0,0,0,0,0,0,0,0,0,0,5,0,0,0,0,0,0,0,0,0,0,0,0,0,0,9,1,0
C:\FinalProject1\java_design_patterns-master\abstract-factory\src\main\java\me\zbl\abstractFactory\Captain.java,me.zbl.abstractFactory.Captain,interface,1,8,7,1,0,1,0,0,0,0.0,-1.0,-1.0,0,0,0,0,0,0,0,0,0,0,0,0,0,0,0,0,0,0,0,2,0,0,0,0,0,0,0,0,0,0,0,0,0,0,2,1,0
C:\FinalProject1\java_design_patterns-master\java_design_patterns-master\mediator\src\main\java\me\zbl\mediator\Party.java,me.zbl.mediator.Party,interface,2,6,4,2,2,1,0,0,1,0.0,0.0,0.0,2,0,0,0,0,2,2,0,0,0,0,0,0,0,0,0,0,0,0,4,0,0,0,0,0,0,0,0,0,0,0,0,0,0,8,1,0
C:\FinalProject1\java_design_patterns-master\singleton\src\main\java\me\zbl\singleton\LazyInitializationDirector.java,InstanceHolder,innerclass,1,1,0,1,0,1,0,0,0,NaN,-1.0,-1.0,0,0,0,0,0,0,0,0,0,0,1,1,0,1,0,0,1,0,0,3,0,0,0,0,0,0,0,1,0,1,0,0,0,0,12,10,0
C:\FinalProject1\java_design_patterns-master\visitor\src\main\java\me\zbl\visitor\Manager.java,Manager,class,3,4,1,3,3,1,0,2,3,0.0,0.0,0.0,3,0,3,0,0,0,3,0,0,0,0,0,0,0,0,0,0,0,0,12,1,0,0,0,0,1,0,0,0,0,0,0,0,0,9,1,0
C:\FinalProject1\java_design_patterns-master\prototype\src\main\java\me\zbl\prototype\Vehicle.java,Vehicle,class,3,10,7,3,1,1,2,0,0,0.0,NaN,NaN,1,0,0,0,1,0,1,1,0,0,0,0,0,0,0,0,0,0,0,3,0,0,0,0,0,0,0,0,0,0,0,0,0,0,7,1025,0
C:\FinalProject1\java_design_patterns-master\abstract-factory\src\main\java\me\zbl\abstractFactory\OldShip.java,me.zbl.abstractFactory.OldShip,class,1,2,1,1,1,1,0,0,0,0.0,NaN,NaN,1,0,1,0,0,0,1,0,0,0,1,1,0,0,0,1,1,0,0,6,1,0,0,0,0,1,0,1,0,1,0,0,0,0,14,1,0
C:\FinalProject1\java_design_patterns-master\decorator\src\test\java\me\zbl\decorator\HammerSmithOperationsTest.java,me.zbl.decorator.HammerSmithOperationsTest,class,4,4,0,4,1,1,0,9,0,0.0,NaN,NaN,1,0,1,0,0,0,1,0,0,0,0,0,0,0,0,0,0,0,0,12,0,0,0,0,0,0,3,2,0,2,0,0,0,0,12,1,0
C:\FinalProject1\java_design_patterns-master\flyweight\src\main\java\me\zbl\flyweight\Musket.java,me.zbl.flyweight.Musket,class,3,5,2,3,1,1,0,3,0,0.0,NaN,NaN,1,0,1,0,0,0,1,0,0,0,1,1,0,1,0,0,1,0,1,6,0,0,0,0,0,1,0,1,0,1,0,0,0,0,10,1,1
C:\FinalProject1\java_design_patterns-master\interpreter\src\main\java\me\zbl\interpreter\Application.java,me.zbl.interpreter.Application,class,8,9,1,8,12,1,0,11,3,0.6666667,0.0,0.0,3,3,3,0,0,0,3,0,0,0,1,1,0,1,0,0,1,0,3,59,6,1,1,1,0,14,0,9,0,9,4,0,0,0,33,1,4
C:\FinalProject1\java_design_patterns-master\java_design_patterns-master\builder\src\main\java\me\zbl\builder\SkinColor.java,SkinColor,enum,2,4,2,2,2,1,0,0,0,0.0,0.0,0.0,2,0,1,0,0,1,2,0,0,0,1,0,0,1,0,0,0,0,0,8,1,0,0,0,0,3,0,1,0,1,0,0,0,0,18,1,0
C:\FinalProject1\java_design_patterns-master\java_design_patterns-master\memento\src\main\java\me\zbl\memento\Flower.java,me.zbl.memento.Flower,class,4,6,2,4,16,1,0,11,40,0.75,0.1969697,0.54545456,12,0,10,0,0,2,12,0,0,0,4,0,0,4,0,0,1,0,1,94,6,0,0,0,0,1,4,8,2,5,1,0,1,0,18,1,0
C:\FinalProject1\java_design_patterns-master\prototype\src\test\java\me\zbl\prototype\FactoryTest.java,FactoryTest,class,6,6,0,6,1,1,0,10,0,0.0,NaN,NaN,1,0,1,0,0,0,1,0,0,0,0,0,0,0,0,0,0,0,0,18,0,0,0,0,0,0,0,4,0,4,0,0,0,0,21,1,0
C:\FinalProject1\java_design_patterns-master\adapter\src\main\java\me\zbl\adapter\Bus.java,me.zbl.adapter.Bus,class,2,4,2,2,1,1,0,2,0,0.0,NaN,NaN,1,0,1,0,0,0,1,0,0,0,1,1,0,1,0,0,1,0,0,6,0,0,0,0,0,1,0,1,0,1,0,0,0,0,8,1,1
C:\FinalProject1\java_design_patterns-master\singleton\src\main\java\me\zbl\singleton\LazyInitializationDirector.java,LazyInitializationDirector,class,1,4,3,1,2,1,0,0,1,0.0,NaN,NaN,2,1,1,1,0,0,1,0,0,0,0,0,0,0,0,0,0,0,0,10,1,0,0,0,0,0,0,0,0,0,0,0,1,0,5,17,0
C:\FinalProject1\java_design_patterns-master\java_design_patterns-master\bridge\src\main\java\me\zbl\bridge\Enemy.java,Enemy,interface,0,6,6,0,3,1,2,0,3,0.0,0.0,0.0,3,0,0,0,0,3,3,0,0,0,0,0,0,0,0,0,0,0,0,5,0,0,0,0,0,0,0,0,0,0,0,0,0,0,6,1,0
C:\FinalProject1\java_design_patterns-master\java_design_patterns-master\singleton\src\main\java\me\zbl\singleton\Director.java,me.zbl.singleton.Director,class,1,4,3,1,2,1,0,0,1,0.5,NaN,NaN,2,1,1,1,0,0,1,0,0,0,1,1,0,1,0,0,1,0,0,8,1,0,0,0,0,0,0,1,0,1,0,0,0,0,10,17,0
C:\FinalProject1\java_design_patterns-master\bridge\src\main\java\me\zbl\bridge\War.java,me.zbl.bridge.War,interface,1,5,4,1,4,1,0,0,6,0.0,0.0,0.0,4,0,0,0,0,4,4,0,0,0,0,0,0,0,0,0,0,0,0,6,0,0,0,0,0,0,0,0,0,0,0,0,0,0,6,1,0
C:\FinalProject1\java_design_patterns-master\factory-method\src\test\java\me\zbl\factory\method\FactoryMethodTest.java,me.zbl.factory.method.FactoryMethodTest,class,10,11,1,10,5,1,0,9,10,1.0,0.0,0.0,5,0,4,1,0,0,4,0,0,0,1,1,0,1,0,0,1,0,0,27,0,0,0,0,0,3,0,9,2,9,0,0,0,0,24,1,0
C:\FinalProject1\java_design_patterns-master\java_design_patterns-master\abstract-factory\src\main\java\me\zbl\abstractFactory\PermanentTeamFactory.java,PermanentTeamFactory,class,7,9,2,7,3,1,0,0,3,0.0,0.0,0.0,3,0,3,0,0,0,3,0,0,0,0,0,0,0,0,0,0,0,0,11,3,0,0,0,0,0,0,0,0,0,0,0,0,0,8,1,0
C:\FinalProject1\java_design_patterns-master\observer\src\main\java\me\zbl\observer\Southern.java,Southern,class,4,6,2,4,5,1,0,2,0,0.0,NaN,NaN,1,0,1,0,0,0,1,0,0,0,1,1,0,1,0,0,1,0,0,22,0,0,0,0,0,5,0,1,0,1,1,0,0,0,12,1,5
C:\FinalProject1\java_design_patterns-master\visitor\src\main\java\me\zbl\visitor\BossVisitor.java,BossVisitor,class,4,6,2,4,3,1,0,2,3,0.6666667,0.0,0.0,3,0,3,0,0,0,3,0,0,0,1,1,0,1,0,0,1,0,0,10,0,0,0,0,0,1,0,1,0,1,0,0,0,0,15,1,1
C:\FinalProject1\java_design_patterns-master\java_design_patterns-master\abstract-factory\src\main\java\me\zbl\abstractFactory\Sailor.java,Sailor,interface,1,8,7,1,0,1,2,0,0,0.0,-1.0,-1.0,0,0,0,0,0,0,0,0,0,0,0,0,0,0,0,0,0,0,0,2,0,0,0,0,0,0,0,0,0,0,0,0,0,0,2,1,0
C:\FinalProject1\java_design_patterns-master\java_design_patterns-master\factory-method\src\main\java\me\zbl\factory\method\WesternCook.java,WesternCook,class,4,6,2,4,1,1,0,0,0,0.0,NaN,NaN,1,0,1,0,0,0,1,0,0,0,0,0,0,0,0,0,0,0,0,5,1,0,0,0,0,0,0,0,0,0,0,0,0,0,6,1,0
C:\FinalProject1\java_design_patterns-master\java_design_patterns-master\factory-method\src\main\java\me\zbl\factory\method\FoodType.java,FoodType,enum,1,4,3,1,2,1,0,0,0,0.0,0.0,0.0,2,0,1,0,0,1,2,0,0,0,1,0,0,1,0,0,0,0,0,8,1,0,0,0,0,2,0,1,0,1,0,0,0,0,13,1,0
C:\FinalProject1\java_design_patterns-master\java_design_patterns-master\interpreter\src\main\java\me\zbl\interpreter\PlusExpression.java,PlusExpression,class,3,4,1,3,3,1,0,1,1,0.33333334,0.0,0.0,3,0,3,0,0,0,3,0,0,0,2,0,0,2,0,0,0,0,0,14,2,0,0,0,0,1,0,2,1,2,0,0,0,0,9,1,0
C:\FinalProject1\java_design_patterns-master\java_design_patterns-master\singleton\src\main\java\me\zbl\singleton\ThreadSafeLazyLoadDirector.java,me.zbl.singleton.ThreadSafeLazyLoadDirector,class,1,4,3,1,4,1,0,0,0,0.0,NaN,NaN,2,1,1,1,0,0,1,0,0,1,1,1,0,1,0,0,0,0,0,14,1,0,2,0,0,1,0,1,0,1,1,0,0,0,18,17,0
C:\FinalProject1\java_design_patterns-master\java_design_patterns-master\strategy\src\main\java\me\zbl\strategy\BusinessMan.java,me.zbl.strategy.BusinessMan,class,1,2,1,1,3,1,0,1,0,0.0,1.0,1.0,3,0,3,0,0,0,3,0,0,0,1,0,0,1,0,0,0,0,0,12,0,0,0,0,0,0,0,2,0,1,0,0,0,0,7,1,0
C:\FinalProject1\java_design_patterns-master\command\src\main\java\me\zbl\command\AbstractFont.java,me.zbl.command.AbstractFont,class,4,10,6,4,6,1,1,4,11,0.72222227,0.13333334,0.13333334,6,0,6,0,0,0,6,1,0,0,3,1,0,3,0,0,1,0,0,21,2,0,0,0,0,1,0,3,0,3,0,0,0,0,18,1025,1
C:\FinalProject1\java_design_patterns-master\composite\src\main\java\me\zbl\composite\EnglishSentence.java,me.zbl.composite.EnglishSentence,class,2,3,1,2,3,2,0,2,1,0.0,0.0,0.0,2,0,2,0,0,0,2,0,0,0,0,0,0,0,0,0,0,0,0,10,0,1,0,0,0,1,0,0,0,0,1,0,0,0,10,1,0
C:\FinalProject1\java_design_patterns-master\java_design_patterns-master\command\src\main\java\me\zbl\command\Color.java,Color,enum,2,4,2,2,2,1,0,0,0,0.0,0.0,0.0,2,0,1,0,0,1,2,0,0,0,1,0,0,1,0,0,0,0,0,8,1,0,0,0,0,2,0,1,0,1,0,0,0,0,13,1,0
C:\FinalProject1\java_design_patterns-master\java_design_patterns-master\abstract-factory\src\main\java\me\zbl\abstractFactory\YoungCaptain.java,YoungCaptain,class,2,4,2,2,1,1,0,0,0,0.0,NaN,NaN,1,0,1,0,0,0,1,0,0,0,1,1,0,0,0,1,1,0,0,6,1,0,0,0,0,1,0,1,0,1,0,0,0,0,14,1,0
C:\FinalProject1\java_design_patterns-master\factory-method\src\main\java\me\zbl\factory\method\WesternFood.java,me.zbl.factory.method.WesternFood,class,2,4,2,2,3,1,0,1,0,0.0,1.0,1.0,3,0,3,0,0,0,3,0,0,0,1,0,0,1,0,0,0,0,0,12,2,0,0,0,0,1,0,1,1,1,0,0,0,0,7,1,0
C:\FinalProject1\java_design_patterns-master\java_design_patterns-master\strategy\src\main\java\me\zbl\strategy\Application.java,me.zbl.strategy.Application,class,4,4,0,4,1,1,0,2,0,0.0,NaN,NaN,1,1,1,0,0,0,1,0,0,0,0,0,0,0,0,0,0,0,0,10,0,0,0,0,0,0,0,1,0,1,0,0,0,0,11,1,0
C:\FinalProject1\java_design_patterns-master\java_design_patterns-master\facade\src\main\java\me\zbl\facade\CourseTeacher.java,CourseTeacher,class,3,4,1,3,1,1,0,0,0,0.0,NaN,NaN,1,0,1,0,0,0,1,0,0,0,0,0,0,0,0,0,0,0,0,5,1,0,0,0,0,1,0,0,0,0,0,0,0,0,4,1,0
C:\FinalProject1\java_design_patterns-master\singleton\src\test\java\me\zbl\singleton\DirectorTest.java,DirectorTest,class,1,1,0,1,1,1,0,0,0,0.0,NaN,NaN,1,0,1,0,0,0,1,0,0,0,0,0,0,0,0,0,0,0,0,5,0,0,0,0,0,0,0,0,0,0,0,0,0,0,2,1,0
C:\FinalProject1\java_design_patterns-master\builder\src\main\java\me\zbl\builder\Application.java,me.zbl.builder.Application,class,4,5,1,4,1,1,0,8,0,0.0,NaN,NaN,1,1,1,0,0,0,1,0,0,0,1,1,0,1,0,0,1,0,0,11,0,0,0,0,0,3,3,4,0,4,0,0,0,0,15,1,3
C:\FinalProject1\java_design_patterns-master\java_design_patterns-master\observer\src\main\java\me\zbl\observer\Northern.java,me.zbl.observer.Northern,class,4,6,2,4,5,1,0,2,0,0.0,NaN,NaN,1,0,1,0,0,0,1,0,0,0,1,1,0,1,0,0,1,0,0,22,0,0,0,0,0,5,0,1,0,1,1,0,0,0,12,1,5
C:\FinalProject1\java_design_patterns-master\java_design_patterns-master\prototype\src\test\java\me\zbl\prototype\PrototypeTest.java,me.zbl.prototype.PrototypeTest,class,12,12,0,12,3,1,0,8,0,0.0,0.33333334,0.33333334,3,1,3,0,0,0,3,0,0,0,2,0,0,2,0,0,2,0,1,18,1,0,0,0,0,6,0,3,0,3,0,0,0,0,23,1,0
C:\FinalProject1\java_design_patterns-master\java_design_patterns-master\command\src\main\java\me\zbl\command\Rubify.java,Rubify,class,5,6,1,5,5,1,0,3,4,0.5,0.0,0.0,5,0,5,0,0,0,5,0,0,0,2,0,0,2,0,0,2,0,0,20,1,0,0,0,0,1,0,2,0,2,0,0,0,0,12,1,0
C:\FinalProject1\java_design_patterns-master\java_design_patterns-master\flyweight\src\main\java\me\zbl\flyweight\HandGun.java,HandGun,class,4,6,2,4,1,1,0,3,0,0.0,NaN,NaN,1,0,1,0,0,0,1,0,0,0,1,1,0,1,0,0,1,0,0,6,0,0,0,0,0,1,0,1,0,1,0,0,0,0,11,1,1
C:\FinalProject1\java_design_patterns-master\bridge\src\test\java\me\zbl\bridge\MordernWarTest.java,me.zbl.bridge.MordernWarTest,class,4,4,0,4,1,2,0,3,0,0.0,NaN,NaN,1,0,1,0,0,0,1,0,0,0,0,0,0,0,0,0,0,0,0,6,0,0,0,0,0,0,0,1,0,1,0,0,0,0,8,1,0
C:\FinalProject1\java_design_patterns-master\state\src\main\java\me\zbl\state\State.java,State,interface,0,3,3,0,2,1,2,0,1,0.0,0.0,0.0,2,0,0,0,0,2,2,0,0,0,0,0,0,0,0,0,0,0,0,4,0,0,0,0,0,0,0,0,0,0,0,0,0,0,4,1,0
C:\FinalProject1\java_design_patterns-master\adapter\src\test\java\me\zbl\adapter\TestAdapter.java,me.zbl.adapter.TestAdapter,class,5,5,0,5,2,1,0,6,0,0.0,1.0,1.0,2,0,2,0,0,0,2,0,0,0,3,2,0,1,0,2,2,0,0,18,0,0,0,0,0,2,0,7,0,7,0,0,0,0,26,1,0
C:\FinalProject1\java_design_patterns-master\singleton\src\test\java\me\zbl\singleton\ThreadSafeDoubleCheckLockingTest.java,ThreadSafeDoubleCheckLockingTest,class,1,1,0,1,1,1,0,0,0,0.0,NaN,NaN,1,0,1,0,0,0,1,0,0,0,0,0,0,0,0,0,0,0,0,5,0,0,0,0,0,0,0,0,0,0,0,0,0,0,6,1,0
C:\FinalProject1\java_design_patterns-master\java_design_patterns-master\abstract-factory\src\main\java\me\zbl\abstractFactory\OldCaptain.java,OldCaptain,class,2,3,1,2,1,1,0,0,0,0.0,NaN,NaN,1,0,1,0,0,0,1,0,0,0,1,1,0,0,0,1,1,0,0,6,1,0,0,0,0,1,0,1,0,1,0,0,0,0,14,1,0
C:\FinalProject1\java_design_patterns-master\java_design_patterns-master\singleton\src\main\java\me\zbl\singleton\LazyInitializationDirector.java,me.zbl.singleton.LazyInitializationDirector,class,1,5,4,1,2,1,0,0,1,0.0,NaN,NaN,2,1,1,1,0,0,1,0,0,0,0,0,0,0,0,0,0,0,0,10,1,0,0,0,0,0,0,0,0,0,0,0,1,0,5,17,0
C:\FinalProject1\java_design_patterns-master\facade\src\main\java\me\zbl\facade\CourseParticipator.java,me.zbl.facade.CourseParticipator,class,3,7,4,3,14,1,2,9,0,0.25,0.47619048,0.47619048,8,0,7,1,0,0,7,1,0,0,1,1,0,1,0,0,1,0,0,59,0,1,0,0,0,6,0,1,0,1,1,0,1,0,20,1025,6
C:\FinalProject1\java_design_patterns-master\java_design_patterns-master\command\src\main\java\me\zbl\command\RegularScript.java,RegularScript,class,3,4,1,3,2,1,0,2,1,0.0,0.0,0.0,2,0,2,0,0,0,2,0,0,0,0,0,0,0,0,0,0,0,0,9,1,0,0,0,0,1,0,0,0,0,0,0,0,0,9,1,0
C:\FinalProject1\java_design_patterns-master\prototype\src\main\java\me\zbl\prototype\Prototype.java,Prototype,class,3,7,4,3,1,1,3,0,0,0.0,NaN,NaN,1,0,0,0,1,0,1,1,0,0,0,0,0,0,0,0,0,0,0,3,0,0,0,0,0,0,0,0,0,0,0,0,0,0,7,1025,0
C:\FinalProject1\java_design_patterns-master\java_design_patterns-master\flyweight\src\main\java\me\zbl\flyweight\Musket.java,Musket,class,4,6,2,4,1,1,0,3,0,0.0,NaN,NaN,1,0,1,0,0,0,1,0,0,0,1,1,0,1,0,0,1,0,0,6,0,0,0,0,0,1,0,1,0,1,0,0,0,0,10,1,1
C:\FinalProject1\java_design_patterns-master\java_design_patterns-master\flyweight\src\main\java\me\zbl\flyweight\Shooting.java,Shooting,interface,0,5,5,0,1,1,4,0,0,0.0,NaN,NaN,1,0,0,0,0,1,1,0,0,0,0,0,0,0,0,0,0,0,0,3,0,0,0,0,0,0,0,0,0,0,0,0,0,0,2,1,0
C:\FinalProject1\java_design_patterns-master\mediator\src\main\java\me\zbl\mediator\PartyMember.java,PartyMember,interface,0,1,1,0,3,1,1,0,3,0.0,0.0,0.0,3,0,0,0,0,3,3,0,0,0,0,0,0,0,0,0,0,0,0,5,0,0,0,0,0,0,0,0,0,0,0,0,0,0,7,1,0
C:\FinalProject1\java_design_patterns-master\composite\src\main\java\me\zbl\composite\Writer.java,me.zbl.composite.Writer,class,6,8,2,6,2,1,0,3,1,0.0,0.0,0.0,2,0,2,0,0,0,2,0,0,0,0,0,0,0,0,0,0,0,12,22,2,0,0,0,0,0,0,2,0,2,0,0,0,0,10,1,0
C:\FinalProject1\java_design_patterns-master\java_design_patterns-master\singleton\src\test\java\me\zbl\singleton\EnumDirectorTest.java,me.zbl.singleton.EnumDirectorTest,class,2,2,0,2,1,2,0,0,0,0.0,NaN,NaN,1,0,1,0,0,0,1,0,0,0,0,0,0,0,0,0,0,0,0,5,0,0,0,0,0,0,0,0,0,0,0,0,0,1,3,1,0
C:\FinalProject1\java_design_patterns-master\singleton\src\main\java\me\zbl\singleton\ThreadSafeLazyLoadDirector.java,ThreadSafeLazyLoadDirector,class,2,4,2,2,4,1,0,0,0,0.0,NaN,NaN,2,1,1,1,0,0,1,0,0,1,1,1,0,1,0,0,0,0,0,14,1,0,2,0,0,1,0,1,0,1,1,0,0,0,18,17,0
C:\FinalProject1\java_design_patterns-master\prototype\src\main\java\me\zbl\prototype\Driver.java,Driver,class,3,12,8,4,1,1,2,0,0,0.0,NaN,NaN,1,0,0,0,1,0,1,1,0,0,0,0,0,0,0,0,0,0,0,3,0,0,0,0,0,0,0,0,0,0,0,0,0,0,7,1025,0
C:\FinalProject1\java_design_patterns-master\java_design_patterns-master\bridge\src\main\java\me\zbl\bridge\War.java,War,interface,1,4,3,1,4,1,2,0,6,0.0,0.0,0.0,4,0,0,0,0,4,4,0,0,0,0,0,0,0,0,0,0,0,0,6,0,0,0,0,0,0,0,0,0,0,0,0,0,0,6,1,0
C:\FinalProject1\java_design_patterns-master\java_design_patterns-master\prototype\src\main\java\me\zbl\prototype\Passenger.java,me.zbl.prototype.Passenger,class,2,9,7,2,1,2,2,0,0,0.0,NaN,NaN,1,0,0,0,1,0,1,1,0,0,0,0,0,0,0,0,0,0,0,3,0,0,0,0,0,0,0,0,0,0,0,0,0,0,7,1025,0
C:\FinalProject1\java_design_patterns-master\java_design_patterns-master\proxy\src\main\java\me\zbl\proxy\Application.java,me.zbl.proxy.Application,class,3,3,0,3,1,1,0,1,0,0.0,NaN,NaN,1,1,1,0,0,0,1,0,0,0,0,0,0,0,0,0,0,0,0,17,0,0,0,0,0,12,0,1,0,1,0,0,0,0,8,1,0
C:\FinalProject1\java_design_patterns-master\observer\src\main\java\me\zbl\observer\Time.java,Time,class,5,7,2,5,6,1,0,8,0,0.4666667,0.0,0.0,5,0,5,0,0,0,5,0,0,0,3,1,0,3,0,0,1,0,0,26,0,1,0,0,1,1,1,5,2,4,1,0,0,0,18,1,1
C:\FinalProject1\java_design_patterns-master\factory-method\src\main\java\me\zbl\factory\method\ChineseFood.java,me.zbl.factory.method.ChineseFood,class,2,4,2,2,3,1,0,1,0,0.0,1.0,1.0,3,0,3,0,0,0,3,0,0,0,1,0,0,1,0,0,0,0,0,12,2,0,0,0,0,1,0,1,1,1,0,0,0,0,7,1,0
C:\FinalProject1\java_design_patterns-master\command\src\main\java\me\zbl\command\RegularScript.java,me.zbl.command.RegularScript,class,1,2,1,1,2,2,0,2,1,0.0,0.0,0.0,2,0,2,0,0,0,2,0,0,0,0,0,0,0,0,0,0,0,0,9,1,0,0,0,0,1,0,0,0,0,0,0,0,0,9,1,0
C:\FinalProject1\java_design_patterns-master\chain\src\main\java\me\zbl\chain\Request.java,me.zbl.chain.Request,class,2,9,7,2,7,1,0,2,15,0.7142857,0.14285715,0.1904762,7,0,6,0,1,0,7,0,0,0,3,0,0,3,0,0,2,0,0,28,4,0,0,0,0,0,0,3,0,3,0,0,1,0,25,1,0
C:\FinalProject1\java_design_patterns-master\java_design_patterns-master\prototype\src\main\java\me\zbl\prototype\EstateVehicle.java,me.zbl.prototype.EstateVehicle,class,2,5,3,2,2,3,0,0,1,0.0,0.0,0.0,2,0,1,0,1,0,2,0,0,0,0,0,0,0,0,0,0,0,0,8,2,0,0,0,0,1,0,0,0,0,0,0,0,0,9,1,0
C:\FinalProject1\java_design_patterns-master\memento\src\main\java\me\zbl\memento\Plant.java,Plant,interface,1,3,2,1,3,1,3,0,3,0.0,0.0,0.0,3,0,0,0,0,3,3,0,0,0,0,0,0,0,0,0,0,0,0,5,0,0,0,0,0,0,0,0,0,0,0,0,0,0,6,1,0
C:\FinalProject1\java_design_patterns-master\visitor\src\main\java\me\zbl\visitor\Engineer.java,Engineer,class,3,4,1,3,3,1,0,2,3,0.0,0.0,0.0,3,0,3,0,0,0,3,0,0,0,0,0,0,0,0,0,0,0,0,12,1,0,0,0,0,1,0,0,0,0,0,0,0,0,9,1,0
C:\FinalProject1\java_design_patterns-master\bridge\src\test\java\me\zbl\bridge\WarTest.java,me.zbl.bridge.WarTest,class,2,4,2,2,1,1,2,10,0,0.0,NaN,NaN,1,0,0,0,1,0,1,0,1,0,0,0,0,0,0,0,0,0,0,17,0,0,0,0,0,0,0,1,0,1,0,0,0,0,14,1025,0
C:\FinalProject1\java_design_patterns-master\java_design_patterns-master\facade\src\main\java\me\zbl\facade\CourseStudent.java,CourseStudent,class,3,4,1,3,1,1,0,0,0,0.0,NaN,NaN,1,0,1,0,0,0,1,0,0,0,0,0,0,0,0,0,0,0,0,5,1,0,0,0,0,1,0,0,0,0,0,0,0,0,4,1,0
C:\FinalProject1\java_design_patterns-master\java_design_patterns-master\template-method\src\main\java\me\zbl\template\method\LearningMethod.java,me.zbl.template.method.LearningMethod,class,2,6,4,2,4,1,2,5,6,0.75,0.0,0.0,4,0,1,0,3,0,4,3,0,0,1,1,0,1,0,0,1,0,0,12,0,0,0,0,0,1,0,2,0,2,0,0,0,0,14,1025,1
C:\FinalProject1\java_design_patterns-master\proxy\src\main\java\me\zbl\proxy\Room.java,Room,interface,0,2,2,0,1,1,2,0,0,0.0,NaN,NaN,1,0,0,0,0,1,1,0,0,0,0,0,0,0,0,0,0,0,0,3,0,0,0,0,0,0,0,0,0,0,0,0,0,0,4,1,0
C:\FinalProject1\java_design_patterns-master\decorator\src\main\java\me\zbl\decorator\CarpenterOperation.java,me.zbl.decorator.CarpenterOperation,class,3,7,4,3,3,1,0,2,0,0.0,1.0,1.0,3,0,3,0,0,0,3,0,0,0,1,1,0,1,0,0,1,0,0,12,0,0,0,0,0,3,0,1,0,1,0,0,0,0,13,1,3
C:\FinalProject1\java_design_patterns-master\abstract-factory\src\main\java\me\zbl\abstractFactory\YoungCaptain.java,me.zbl.abstractFactory.YoungCaptain,class,1,3,2,1,1,1,0,0,0,0.0,NaN,NaN,1,0,1,0,0,0,1,0,0,0,1,1,0,0,0,1,1,0,0,6,1,0,0,0,0,1,0,1,0,1,0,0,0,0,14,1,0
C:\FinalProject1\java_design_patterns-master\java_design_patterns-master\facade\src\test\java\me\zbl\facade\CourseFacadeTest.java,InMemoryAppender,innerclass,5,8,2,6,4,1,0,9,0,0.25,0.0,0.0,4,0,3,0,1,0,4,0,0,0,1,0,0,1,0,0,0,0,0,16,2,0,0,0,1,1,0,1,0,2,0,0,0,1,17,2,0
C:\FinalProject1\java_design_patterns-master\abstract-factory\src\main\java\me\zbl\abstractFactory\OldSailor.java,me.zbl.abstractFactory.OldSailor,class,1,2,1,1,1,1,0,0,0,0.0,NaN,NaN,1,0,1,0,0,0,1,0,0,0,1,1,0,0,0,1,1,0,0,6,1,0,0,0,0,1,0,1,0,1,0,0,0,0,14,1,0
C:\FinalProject1\java_design_patterns-master\flyweight\src\main\java\me\zbl\flyweight\GunType.java,me.zbl.flyweight.GunType,enum,0,1,1,0,0,1,0,0,0,0.0,-1.0,-1.0,0,0,0,0,0,0,0,0,0,0,0,0,0,0,0,0,0,0,0,1,0,0,0,0,0,0,0,0,0,0,0,0,0,0,13,1,0
C:\FinalProject1\java_design_patterns-master\chain\src\main\java\me\zbl\chain\Captain.java,me.zbl.chain.Captain,class,2,3,1,2,4,2,0,4,3,0.0,0.0,0.0,3,0,3,0,0,0,3,0,0,0,0,0,0,0,0,0,0,0,0,17,1,0,1,0,0,1,0,0,0,0,1,0,0,0,11,1,0
C:\FinalProject1\java_design_patterns-master\java_design_patterns-master\chain\src\main\java\me\zbl\chain\Request.java,Request,class,3,4,1,3,7,1,0,2,15,0.7142857,0.0,0.0,7,0,6,0,1,0,7,0,0,0,3,0,0,3,0,0,2,0,0,28,4,0,0,0,0,0,0,3,0,3,0,0,1,0,25,1,0
C:\FinalProject1\java_design_patterns-master\java_design_patterns-master\interpreter\src\main\java\me\zbl\interpreter\NumberExpression.java,NumberExpression,class,3,4,1,3,4,1,0,1,0,0.25,0.0,0.0,4,0,4,0,0,0,4,0,0,0,1,0,0,1,0,0,0,0,0,15,2,0,0,0,0,1,0,2,0,1,0,0,0,0,6,1,0
C:\FinalProject1\java_design_patterns-master\bridge\src\main\java\me\zbl\bridge\TenderEnemy.java,me.zbl.bridge.TenderEnemy,class,3,5,2,3,3,1,0,2,0,0.0,1.0,1.0,3,0,3,0,0,0,3,0,0,0,1,1,0,1,0,0,1,0,0,12,0,0,0,0,0,3,0,1,0,1,0,0,0,0,13,1,3
C:\FinalProject1\java_design_patterns-master\java_design_patterns-master\flyweight\src\main\java\me\zbl\flyweight\Sniper.java,Sniper,class,4,6,2,4,1,1,0,3,0,0.0,NaN,NaN,1,0,1,0,0,0,1,0,0,0,1,1,0,1,0,0,1,0,0,6,0,0,0,0,0,1,0,1,0,1,0,0,0,0,10,1,1
C:\FinalProject1\java_design_patterns-master\java_design_patterns-master\abstract-factory\src\main\java\me\zbl\abstractFactory\NewShip.java,NewShip,class,2,4,2,2,1,1,0,0,0,0.0,NaN,NaN,1,0,1,0,0,0,1,0,0,0,1,1,0,0,0,1,1,0,0,6,1,0,0,0,0,1,0,1,0,1,0,0,0,0,14,1,0
C:\FinalProject1\java_design_patterns-master\state\src\main\java\me\zbl\state\ImpatientState.java,ImpatientState,class,5,7,2,5,3,1,0,2,0,0.16666667,0.0,0.0,3,0,3,0,0,0,3,0,0,0,2,1,0,2,0,0,1,0,0,13,0,0,0,0,0,2,0,2,0,2,0,0,0,0,14,1,2
C:\FinalProject1\java_design_patterns-master\java_design_patterns-master\bridge\src\main\java\me\zbl\bridge\MordernWar.java,MordernWar,class,5,8,3,5,5,1,0,5,0,0.2,0.0,0.0,5,0,5,0,0,0,5,0,0,0,2,1,0,2,0,0,2,0,0,22,1,0,0,0,0,3,0,2,0,2,0,0,0,0,14,1,3
C:\FinalProject1\java_design_patterns-master\java_design_patterns-master\factory-method\src\main\java\me\zbl\factory\method\ChineseCook.java,ChineseCook,class,4,6,2,4,1,1,0,0,0,0.0,NaN,NaN,1,0,1,0,0,0,1,0,0,0,0,0,0,0,0,0,0,0,0,5,1,0,0,0,0,0,0,0,0,0,0,0,0,0,6,1,0
C:\FinalProject1\java_design_patterns-master\builder\src\main\java\me\zbl\builder\Person.java,me.zbl.builder.Person,class,3,6,3,3,9,1,0,3,0,0.5,0.6,1.0,6,0,6,0,0,0,6,0,0,0,4,0,0,4,0,0,4,0,0,67,5,0,3,0,0,7,0,5,3,5,1,0,1,0,18,17,0
C:\FinalProject1\java_design_patterns-master\chain\src\main\java\me\zbl\chain\RequestHandler.java,me.zbl.chain.RequestHandler,class,3,8,5,3,5,1,3,3,4,0.625,0.16666667,0.16666667,4,0,3,0,1,0,4,1,0,0,2,1,0,2,0,0,1,0,0,16,0,0,1,0,0,1,0,2,0,2,1,0,0,0,17,1025,1
C:\FinalProject1\java_design_patterns-master\interpreter\src\main\java\me\zbl\interpreter\PlusExpression.java,me.zbl.interpreter.PlusExpression,class,1,2,1,1,3,2,0,1,1,0.33333334,0.33333334,0.33333334,3,0,3,0,0,0,3,0,0,0,2,0,0,2,0,0,0,0,0,14,2,0,0,0,0,1,0,2,1,2,0,0,0,0,9,1,0
C:\FinalProject1\java_design_patterns-master\java_design_patterns-master\chain\src\main\java\me\zbl\chain\Gunny.java,Gunny,class,3,4,1,3,4,1,0,4,3,0.0,0.0,0.0,3,0,3,0,0,0,3,0,0,0,0,0,0,0,0,0,0,0,0,17,1,0,1,0,0,1,0,0,0,0,1,0,0,0,11,1,0
C:\FinalProject1\java_design_patterns-master\java_design_patterns-master\command\src\main\java\me\zbl\command\Command.java,Command,class,2,6,4,2,4,1,2,0,6,0.0,0.0,0.0,4,0,4,0,0,0,4,4,0,0,0,0,0,0,0,0,0,0,0,6,0,0,0,0,0,0,0,0,0,0,0,0,0,0,6,1025,0
C:\FinalProject1\java_design_patterns-master\java_design_patterns-master\interpreter\src\main\java\me\zbl\interpreter\MinusExpression.java,MinusExpression,class,3,4,1,3,3,1,0,1,1,0.33333334,0.0,0.0,3,0,3,0,0,0,3,0,0,0,2,0,0,2,0,0,0,0,0,14,2,0,0,0,0,1,0,2,1,2,0,0,0,0,9,1,0
C:\FinalProject1\java_design_patterns-master\java_design_patterns-master\prototype\src\main\java\me\zbl\prototype\Vehicle.java,me.zbl.prototype.Vehicle,class,2,9,7,2,1,2,2,0,0,0.0,NaN,NaN,1,0,0,0,1,0,1,1,0,0,0,0,0,0,0,0,0,0,0,3,0,0,0,0,0,0,0,0,0,0,0,0,0,0,7,1025,0
C:\FinalProject1\java_design_patterns-master\mediator\src\main\java\me\zbl\mediator\PartyImpl.java,PartyImpl,class,4,5,1,4,5,1,0,4,0,0.0,0.0,0.0,3,0,3,0,0,0,3,0,0,0,1,0,0,1,0,0,0,0,0,17,0,1,0,0,0,0,0,1,0,1,2,0,0,0,11,1,0
C:\FinalProject1\java_design_patterns-master\strategy\src\main\java\me\zbl\strategy\TransportationVehicle.java,TransportationVehicle,class,4,6,2,4,1,1,0,2,0,0.0,NaN,NaN,1,0,1,0,0,0,1,0,0,0,1,1,0,1,0,0,1,0,0,6,0,0,0,0,0,1,0,1,0,1,0,0,0,0,10,1,1
C:\FinalProject1\java_design_patterns-master\abstract-factory\src\main\java\me\zbl\abstractFactory\Sailor.java,me.zbl.abstractFactory.Sailor,interface,1,8,7,1,0,1,0,0,0,0.0,-1.0,-1.0,0,0,0,0,0,0,0,0,0,0,0,0,0,0,0,0,0,0,0,2,0,0,0,0,0,0,0,0,0,0,0,0,0,0,2,1,0
C:\FinalProject1\java_design_patterns-master\java_design_patterns-master\chain\src\main\java\me\zbl\chain\Commander.java,Commander,class,4,5,1,4,3,1,0,2,1,0.33333334,0.0,0.0,3,0,2,1,0,0,2,0,0,0,1,0,0,1,0,0,0,0,0,12,0,0,0,0,0,0,0,1,0,1,0,0,0,0,12,1,0
C:\FinalProject1\java_design_patterns-master\java_design_patterns-master\iterator\src\main\java\ItemType.java,ItemType,enum,0,2,2,0,0,1,0,0,0,0.0,-1.0,-1.0,0,0,0,0,0,0,0,0,0,0,0,0,0,0,0,0,0,0,0,1,0,0,0,0,0,0,0,0,0,0,0,0,0,0,9,1,0
C:\FinalProject1\java_design_patterns-master\java_design_patterns-master\visitor\src\main\java\me\zbl\visitor\Application.java,me.zbl.visitor.Application,class,6,6,0,6,1,1,0,1,0,0.0,NaN,NaN,1,1,1,0,0,0,1,0,0,0,0,0,0,0,0,0,0,0,0,8,0,0,0,0,0,0,0,1,0,1,0,0,0,0,9,1,0
C:\FinalProject1\java_design_patterns-master\mediator\src\main\java\me\zbl\mediator\Businessman.java,Businessman,class,3,4,1,3,1,1,0,0,0,0.0,NaN,NaN,1,0,1,0,0,0,1,0,0,0,0,0,0,0,0,0,0,0,0,5,1,0,0,0,0,1,0,0,0,0,0,0,0,0,6,1,0
C:\FinalProject1\java_design_patterns-master\facade\src\main\java\me\zbl\facade\CourseStudent.java,me.zbl.facade.CourseStudent,class,1,2,1,1,1,2,0,0,0,0.0,NaN,NaN,1,0,1,0,0,0,1,0,0,0,0,0,0,0,0,0,0,0,0,5,1,0,0,0,0,1,0,0,0,0,0,0,0,0,4,1,0
C:\FinalProject1\java_design_patterns-master\factory-method\src\main\java\me\zbl\factory\method\FoodType.java,me.zbl.factory.method.FoodType,enum,0,7,7,0,2,1,0,0,0,0.0,1.0,1.0,2,0,1,0,0,1,2,0,0,0,1,0,0,1,0,0,0,0,0,8,1,0,0,0,0,2,0,1,0,1,0,0,0,0,13,1,0
C:\FinalProject1\java_design_patterns-master\java_design_patterns-master\iterator\src\main\java\Item.java,Item,class,3,7,4,3,4,1,0,0,0,0.375,0.0,0.0,4,0,4,0,0,0,4,0,1,0,2,0,0,2,0,0,0,0,0,17,2,0,0,0,0,0,0,3,0,2,0,0,0,0,8,1,0
C:\FinalProject1\java_design_patterns-master\java_design_patterns-master\mediator\src\main\java\me\zbl\mediator\Businessman.java,me.zbl.mediator.Businessman,class,1,2,1,1,1,2,0,0,0,0.0,NaN,NaN,1,0,1,0,0,0,1,0,0,0,0,0,0,0,0,0,0,0,0,5,1,0,0,0,0,1,0,0,0,0,0,0,0,0,6,1,0
C:\FinalProject1\java_design_patterns-master\singleton\src\test\java\me\zbl\singleton\ThreadSafeLazyLoadDirectorTest.java,ThreadSafeLazyLoadDirectorTest,class,1,1,0,1,1,1,0,0,0,0.0,NaN,NaN,1,0,1,0,0,0,1,0,0,0,0,0,0,0,0,0,0,0,0,5,0,0,0,0,0,0,0,0,0,0,0,0,0,0,6,1,0
C:\FinalProject1\java_design_patterns-master\java_design_patterns-master\mediator\src\main\java\me\zbl\mediator\PartyImpl.java,me.zbl.mediator.PartyImpl,class,3,4,1,3,5,1,0,4,0,0.0,1.0,1.0,3,0,3,0,0,0,3,0,0,0,1,0,0,1,0,0,0,0,0,17,0,1,0,0,0,0,0,1,0,1,2,0,0,0,11,1,0
C:\FinalProject1\java_design_patterns-master\mediator\src\main\java\me\zbl\mediator\Oldman.java,Oldman,class,3,4,1,3,1,1,0,0,0,0.0,NaN,NaN,1,0,1,0,0,0,1,0,0,0,0,0,0,0,0,0,0,0,0,5,1,0,0,0,0,1,0,0,0,0,0,0,0,0,6,1,0
C:\FinalProject1\java_design_patterns-master\builder\src\main\java\me\zbl\builder\Nationality.java,me.zbl.builder.Nationality,enum,0,2,2,0,2,1,0,0,0,0.0,1.0,1.0,2,0,1,0,0,1,2,0,0,0,1,0,0,1,0,0,0,0,0,8,1,0,0,0,0,5,0,1,0,1,0,0,0,0,16,1,0
C:\FinalProject1\java_design_patterns-master\proxy\src\main\java\me\zbl\proxy\DiningRoom.java,DiningRoom,class,4,6,2,4,1,1,0,2,0,0.0,NaN,NaN,1,0,1,0,0,0,1,0,0,0,1,1,0,1,0,0,1,0,0,6,0,0,0,0,0,1,0,1,0,1,0,0,0,0,11,1,1
C:\FinalProject1\java_design_patterns-master\java_design_patterns-master\template-method\src\main\java\me\zbl\template\method\Student.java,me.zbl.template.method.Student,class,1,2,1,1,3,1,0,1,0,0.0,1.0,1.0,3,0,3,0,0,0,3,0,0,0,1,0,0,1,0,0,0,0,0,12,0,0,0,0,0,0,0,2,0,1,0,0,0,0,8,1,0
C:\FinalProject1\java_design_patterns-master\java_design_patterns-master\memento\src\main\java\me\zbl\memento\Application.java,me.zbl.memento.Application,class,4,5,1,4,2,1,0,9,0,0.0,NaN,NaN,1,1,1,0,0,0,1,0,0,0,1,1,0,1,0,0,1,0,0,28,0,1,0,0,0,1,3,3,0,3,1,0,0,0,13,1,7
C:\FinalProject1\java_design_patterns-master\java_design_patterns-master\abstract-factory\src\main\java\me\zbl\abstractFactory\YoungTeamFactory.java,YoungTeamFactory,class,7,9,2,7,3,1,0,0,3,0.0,0.0,0.0,3,0,3,0,0,0,3,0,0,0,0,0,0,0,0,0,0,0,0,11,3,0,0,0,0,0,0,0,0,0,0,0,0,0,8,1,0
C:\FinalProject1\java_design_patterns-master\singleton\src\main\java\me\zbl\singleton\Director.java,Director,class,1,3,2,1,2,1,0,0,1,0.5,NaN,NaN,2,1,1,1,0,0,1,0,0,0,1,1,0,1,0,0,1,0,0,8,1,0,0,0,0,0,0,1,0,1,0,0,0,0,10,17,0
C:\FinalProject1\java_design_patterns-master\strategy\src\main\java\me\zbl\strategy\BusinessMan.java,BusinessMan,class,1,2,1,1,3,1,0,1,0,0.0,0.0,0.0,3,0,3,0,0,0,3,0,0,0,1,0,0,1,0,0,0,0,0,12,0,0,0,0,0,0,0,2,0,1,0,0,0,0,7,1,0
C:\FinalProject1\java_design_patterns-master\builder\src\main\java\me\zbl\builder\SkinColor.java,me.zbl.builder.SkinColor,enum,0,2,2,0,2,1,0,0,0,0.0,1.0,1.0,2,0,1,0,0,1,2,0,0,0,1,0,0,1,0,0,0,0,0,8,1,0,0,0,0,3,0,1,0,1,0,0,0,0,18,1,0
C:\FinalProject1\java_design_patterns-master\java_design_patterns-master\chain\src\main\java\me\zbl\chain\Captain.java,Captain,class,3,12,8,4,4,1,2,4,3,0.0,0.0,0.0,3,0,3,0,0,0,3,0,0,0,0,0,0,0,0,0,0,0,0,17,1,0,1,0,0,1,0,0,0,0,1,0,0,0,11,1,0
C:\FinalProject1\java_design_patterns-master\java_design_patterns-master\command\src\main\java\me\zbl\command\AbstractFont.java,AbstractFont,class,6,10,4,6,6,1,1,4,11,0.72222227,0.0,0.0,6,0,6,0,0,0,6,1,0,0,3,1,0,3,0,0,1,0,0,21,2,0,0,0,0,1,0,3,0,3,0,0,0,0,18,1025,1
C:\FinalProject1\java_design_patterns-master\template-method\src\main\java\me\zbl\template\method\Student.java,Student,class,1,5,1,4,3,1,0,1,0,0.0,0.0,0.0,3,0,3,0,0,0,3,0,0,0,1,0,0,1,0,0,0,0,0,12,0,0,0,0,0,0,0,2,0,1,0,0,0,0,8,1,0
C:\FinalProject1\java_design_patterns-master\java_design_patterns-master\composite\src\main\java\me\zbl\composite\CharacterComposite.java,CharacterComposite,class,2,9,7,2,6,1,5,5,4,0.4,0.0,0.0,5,0,5,0,0,0,5,0,0,0,1,0,0,1,0,0,0,0,0,20,1,1,0,0,0,0,0,1,0,1,1,0,0,0,10,1025,0
C:\FinalProject1\java_design_patterns-master\java_design_patterns-master\composite\src\main\java\me\zbl\composite\EnglishWord.java,EnglishWord,class,3,4,1,3,3,1,0,2,1,0.0,0.0,0.0,2,0,2,0,0,0,2,0,0,0,0,0,0,0,0,0,0,0,0,10,0,1,0,0,0,1,0,0,0,0,1,0,0,0,9,1,0
C:\FinalProject1\java_design_patterns-master\java_design_patterns-master\observer\src\main\java\me\zbl\observer\TimePoint.java,me.zbl.observer.TimePoint,enum,0,4,4,0,2,1,0,0,0,0.0,1.0,1.0,2,0,1,0,0,1,2,0,0,0,1,0,0,1,0,0,0,0,0,8,1,0,0,0,0,4,0,1,0,1,0,0,0,0,17,1,0
C:\FinalProject1\java_design_patterns-master\java_design_patterns-master\chain\src\main\java\me\zbl\chain\RequestHandler.java,RequestHandler,class,4,9,5,4,5,1,3,3,4,0.625,0.0,0.0,4,0,3,0,1,0,4,1,0,0,2,1,0,2,0,0,1,0,0,16,0,0,1,0,0,1,0,2,0,2,1,0,0,0,17,1025,1
C:\FinalProject1\java_design_patterns-master\command\src\main\java\me\zbl\command\Typist.java,me.zbl.command.Typist,class,4,6,2,4,6,1,0,8,0,0.33333334,0.5,0.5,4,0,4,0,0,0,4,0,0,0,3,1,0,3,0,0,1,0,0,35,1,0,0,0,0,6,0,5,0,5,1,0,0,0,19,17,5
C:\FinalProject1\java_design_patterns-master\composite\src\main\java\me\zbl\composite\CharacterComposite.java,me.zbl.composite.CharacterComposite,class,1,10,9,1,6,1,5,5,4,0.4,0.3,0.3,5,0,5,0,0,0,5,0,0,0,1,0,0,1,0,0,0,0,0,20,1,1,0,0,0,0,0,1,0,1,1,0,0,0,10,1025,0
C:\FinalProject1\java_design_patterns-master\memento\src\main\java\me\zbl\memento\FlowerType.java,FlowerType,enum,2,5,3,2,2,1,0,0,0,0.0,0.0,0.0,2,0,1,0,0,1,2,0,0,0,1,0,0,1,0,0,0,0,0,8,1,0,0,0,0,5,0,1,0,1,0,0,0,0,18,1,0
C:\FinalProject1\java_design_patterns-master\java_design_patterns-master\prototype\src\main\java\me\zbl\prototype\OffRoadVehicle.java,me.zbl.prototype.OffRoadVehicle,class,2,5,3,2,2,3,0,0,1,0.0,0.0,0.0,2,0,1,0,1,0,2,0,0,0,0,0,0,0,0,0,0,0,0,8,2,0,0,0,0,1,0,0,0,0,0,0,0,0,10,1,0
C:\FinalProject1\java_design_patterns-master\prototype\src\main\java\me\zbl\prototype\TeamFactory.java,TeamFactory,interface,3,10,4,6,3,1,3,0,3,0.0,0.0,0.0,3,0,0,0,0,3,3,0,0,0,0,0,0,0,0,0,0,0,0,5,0,0,0,0,0,0,0,0,0,0,0,0,0,0,6,1,0
C:\FinalProject1\java_design_patterns-master\java_design_patterns-master\state\src\main\java\me\zbl\state\ImpatientState.java,me.zbl.state.ImpatientState,class,4,6,2,4,3,1,0,2,0,0.16666667,1.0,1.0,3,0,3,0,0,0,3,0,0,0,2,1,0,2,0,0,1,0,0,13,0,0,0,0,0,2,0,2,0,2,0,0,0,0,14,1,2
C:\FinalProject1\java_design_patterns-master\template-method\src\main\java\me\zbl\template\method\PositiveLearningMethod.java,PositiveLearningMethod,class,5,7,2,5,4,1,0,3,1,0.33333334,0.0,0.0,3,0,0,0,3,0,3,0,0,0,1,1,0,1,0,0,1,0,0,14,1,0,0,0,0,4,0,1,0,1,1,0,0,0,13,1,2
C:\FinalProject1\java_design_patterns-master\visitor\src\main\java\me\zbl\visitor\Application.java,Application,class,6,89,2,87,1,1,0,1,0,0.0,NaN,NaN,1,1,1,0,0,0,1,0,0,0,0,0,0,0,0,0,0,0,0,8,0,0,0,0,0,0,0,1,0,1,0,0,0,0,9,1,0
C:\FinalProject1\java_design_patterns-master\java_design_patterns-master\builder\src\main\java\me\zbl\builder\Person.java,Person,class,6,9,3,6,9,1,0,2,0,0.5,0.0,0.0,6,0,6,0,0,0,6,0,0,0,4,0,0,4,0,0,4,0,0,67,5,0,3,0,0,7,0,5,3,5,1,0,1,0,18,17,0
C:\FinalProject1\java_design_patterns-master\java_design_patterns-master\mediator\src\main\java\me\zbl\mediator\Application.java,me.zbl.mediator.Application,class,9,10,1,9,1,1,0,3,0,1.0,NaN,NaN,1,1,1,0,0,0,1,0,0,0,1,1,0,1,0,0,1,0,0,18,0,0,0,0,0,0,0,6,0,6,0,0,0,0,21,1,0
C:\FinalProject1\java_design_patterns-master\java_design_patterns-master\mediator\src\main\java\me\zbl\mediator\Oldman.java,me.zbl.mediator.Oldman,class,1,2,1,1,1,2,0,0,0,0.0,NaN,NaN,1,0,1,0,0,0,1,0,0,0,0,0,0,0,0,0,0,0,0,5,1,0,0,0,0,1,0,0,0,0,0,0,0,0,6,1,0
C:\FinalProject1\java_design_patterns-master\java_design_patterns-master\flyweight\src\main\java\me\zbl\flyweight\GunFactory.java,GunFactory,class,8,9,1,8,7,1,0,2,0,0.0,0.0,0.0,2,0,2,0,0,0,2,0,0,0,1,0,0,1,0,0,0,0,0,38,1,0,1,0,0,0,0,6,0,2,2,0,0,0,13,1,0
C:\FinalProject1\java_design_patterns-master\adapter\src\main\java\me\zbl\adapter\Car.java,me.zbl.adapter.Car,interface,0,3,3,0,1,1,0,0,0,0.0,NaN,NaN,1,0,0,0,0,1,1,0,0,0,0,0,0,0,0,0,0,0,0,3,0,0,0,0,0,0,0,0,0,0,0,0,0,0,2,1,0
C:\FinalProject1\java_design_patterns-master\prototype\src\main\java\me\zbl\prototype\TeamFactoryImpl.java,TeamFactoryImpl,class,5,7,2,5,7,1,0,2,0,0.5,0.0,0.0,4,0,4,0,0,0,4,0,0,0,3,0,0,3,0,0,0,0,0,37,6,0,0,3,0,0,0,3,0,3,1,0,0,0,17,1,0
C:\FinalProject1\java_design_patterns-master\strategy\src\main\java\me\zbl\strategy\TransportationTrain.java,TransportationTrain,class,4,6,2,4,1,1,0,2,0,0.0,NaN,NaN,1,0,1,0,0,0,1,0,0,0,1,1,0,1,0,0,1,0,0,6,0,0,0,0,0,1,0,1,0,1,0,0,0,0,10,1,1
C:\FinalProject1\java_design_patterns-master\decorator\src\main\java\me\zbl\decorator\Operation.java,me.zbl.decorator.Operation,interface,0,5,5,0,3,1,0,0,3,0.0,0.0,0.0,3,0,0,0,0,3,3,0,0,0,0,0,0,0,0,0,0,0,0,5,0,0,0,0,0,0,0,0,0,0,0,0,0,0,6,1,0
C:\FinalProject1\java_design_patterns-master\java_design_patterns-master\observer\src\main\java\me\zbl\observer\TimeObserver.java,me.zbl.observer.TimeObserver,interface,1,4,3,1,1,1,0,0,0,0.0,NaN,NaN,1,0,0,0,0,1,1,0,0,0,0,0,0,0,0,0,0,0,0,3,0,0,0,0,0,0,0,0,0,0,0,0,0,0,5,1,0
C:\FinalProject1\java_design_patterns-master\state\src\main\java\me\zbl\state\IdleState.java,IdleState,class,5,7,2,5,3,1,0,2,0,0.16666667,0.0,0.0,3,0,3,0,0,0,3,0,0,0,2,1,0,2,0,0,1,0,0,13,0,0,0,0,0,2,0,2,0,2,0,0,0,0,13,1,2
C:\FinalProject1\java_design_patterns-master\facade\src\main\java\me\zbl\facade\Application.java,me.zbl.facade.Application,class,1,1,0,1,1,1,0,3,0,0.0,NaN,NaN,1,1,1,0,0,0,1,0,0,0,0,0,0,0,0,0,0,0,0,8,0,0,0,0,0,0,0,1,0,1,0,0,0,0,6,1,0
C:\FinalProject1\java_design_patterns-master\java_design_patterns-master\bridge\src\test\java\me\zbl\bridge\WarTest.java,WarTest,class,1,3,2,1,1,1,2,10,0,0.0,NaN,NaN,1,0,0,0,1,0,1,0,1,0,0,0,0,0,0,0,0,0,0,17,0,0,0,0,0,0,0,1,0,1,0,0,0,0,14,1025,0
C:\FinalProject1\java_design_patterns-master\java_design_patterns-master\factory-method\src\main\java\me\zbl\factory\method\Cook.java,Cook,interface,1,5,4,1,1,1,2,0,0,0.0,NaN,NaN,1,0,0,0,0,1,1,0,0,0,0,0,0,0,0,0,0,0,0,3,0,0,0,0,0,0,0,0,0,0,0,0,0,0,5,1,0
C:\FinalProject1\java_design_patterns-master\mediator\src\main\java\me\zbl\mediator\AbstractPartyMember.java,AbstractPartyMember,class,6,11,5,6,5,1,4,4,0,0.375,0.0,0.0,4,0,4,0,0,0,4,1,0,0,2,1,0,2,0,0,1,0,0,18,0,0,1,0,0,3,0,2,0,2,1,0,0,0,17,1025,3
C:\FinalProject1\java_design_patterns-master\visitor\src\main\java\me\zbl\visitor\EngineerVisitor.java,EngineerVisitor,class,4,6,2,4,3,1,0,2,3,0.6666667,0.0,0.0,3,0,3,0,0,0,3,0,0,0,1,1,0,1,0,0,1,0,0,10,0,0,0,0,0,1,0,1,0,1,0,0,0,0,15,1,1
C:\FinalProject1\java_design_patterns-master\java_design_patterns-master\abstract-factory\src\main\java\me\zbl\abstractFactory\OldSailor.java,OldSailor,class,2,3,1,2,1,1,0,0,0,0.0,NaN,NaN,1,0,1,0,0,0,1,0,0,0,1,1,0,0,0,1,1,0,0,6,1,0,0,0,0,1,0,1,0,1,0,0,0,0,14,1,0
C:\FinalProject1\java_design_patterns-master\java_design_patterns-master\singleton\src\test\java\me\zbl\singleton\ThreadSafeDoubleCheckLockingTest.java,me.zbl.singleton.ThreadSafeDoubleCheckLockingTest,class,2,2,0,2,1,2,0,0,0,0.0,NaN,NaN,1,0,1,0,0,0,1,0,0,0,0,0,0,0,0,0,0,0,0,5,0,0,0,0,0,0,0,0,0,0,0,0,0,0,6,1,0
C:\FinalProject1\java_design_patterns-master\composite\src\main\java\me\zbl\composite\EnglishWord.java,me.zbl.composite.EnglishWord,class,2,4,2,2,3,2,0,2,1,0.0,0.0,0.0,2,0,2,0,0,0,2,0,0,0,0,0,0,0,0,0,0,0,0,10,0,1,0,0,0,1,0,0,0,0,1,0,0,0,9,1,0
C:\FinalProject1\java_design_patterns-master\singleton\src\main\java\me\zbl\singleton\ThreadSafeDoubleCheckLocking.java,ThreadSafeDoubleCheckLocking,class,2,4,2,2,5,1,0,0,0,0.0,NaN,NaN,2,1,1,1,0,0,1,0,0,0,1,1,0,1,0,0,0,0,0,20,1,0,3,0,0,1,0,4,0,2,3,0,0,0,19,17,0
C:\FinalProject1\java_design_patterns-master\bridge\src\main\java\me\zbl\bridge\AncientWar.java,me.zbl.bridge.AncientWar,class,4,7,3,4,5,1,0,5,0,0.2,1.0,1.0,5,0,5,0,0,0,5,0,0,0,2,1,0,2,0,0,2,0,0,22,1,0,0,0,0,3,0,2,0,2,0,0,0,0,14,1,3
C:\FinalProject1\java_design_patterns-master\java_design_patterns-master\adapter\src\test\java\me\zbl\adapter\TestAdapter.java,TestAdapter,class,8,8,0,8,2,1,0,5,0,0.0,0.0,0.0,2,0,2,0,0,0,2,0,0,0,3,2,0,1,0,2,2,0,0,18,0,0,0,0,0,2,0,7,0,7,0,0,0,0,26,1,0
C:\FinalProject1\java_design_patterns-master\java_design_patterns-master\factory-method\src\test\java\me\zbl\factory\method\FactoryMethodTest.java,FactoryMethodTest,class,10,11,1,10,5,1,0,8,10,1.0,0.0,0.0,5,0,4,1,0,0,4,0,0,0,1,1,0,1,0,0,1,0,0,27,0,0,0,0,0,3,0,9,2,9,0,0,0,0,24,1,0
C:\FinalProject1\java_design_patterns-master\abstract-factory\src\main\java\me\zbl\abstractFactory\Application.java,me.zbl.abstractFactory.Application,class,9,11,2,9,8,1,0,13,22,0.78125,0.10714286,0.10714286,8,1,8,0,0,0,8,0,0,0,4,1,0,4,0,0,1,0,0,42,3,0,0,0,0,8,0,5,6,5,0,0,0,0,23,1,8
C:\FinalProject1\java_design_patterns-master\factory-method\src\main\java\me\zbl\factory\method\WesternCook.java,me.zbl.factory.method.WesternCook,class,4,6,2,4,1,1,0,0,0,0.0,NaN,NaN,1,0,1,0,0,0,1,0,0,0,0,0,0,0,0,0,0,0,0,5,1,0,0,0,0,0,0,0,0,0,0,0,0,0,6,1,0
C:\FinalProject1\java_design_patterns-master\prototype\src\main\java\me\zbl\prototype\Passenger.java,Passenger,class,3,10,7,3,1,1,2,0,0,0.0,NaN,NaN,1,0,0,0,1,0,1,1,0,0,0,0,0,0,0,0,0,0,0,3,0,0,0,0,0,0,0,0,0,0,0,0,0,0,7,1025,0
C:\FinalProject1\java_design_patterns-master\builder\src\test\java\me\zbl\builder\TestPerson.java,me.zbl.builder.TestPerson,class,3,3,0,3,2,1,0,12,1,0.0,0.0,0.0,2,0,2,0,0,0,2,0,0,0,0,0,0,0,0,0,0,0,0,16,0,0,0,0,0,1,2,3,0,3,0,0,0,0,17,1,0
C:\FinalProject1\java_design_patterns-master\adapter\src\main\java\me\zbl\adapter\BusAdapter.java,me.zbl.adapter.BusAdapter,class,2,4,2,2,2,1,0,1,0,0.0,1.0,1.0,2,0,2,0,0,0,2,0,0,0,1,0,0,1,0,0,0,0,0,9,0,0,0,0,0,0,0,1,0,1,0,0,0,0,5,1,0
C:\FinalProject1\java_design_patterns-master\chain\src\main\java\me\zbl\chain\Gunny.java,me.zbl.chain.Gunny,class,2,3,1,2,4,2,0,4,3,0.0,0.0,0.0,3,0,3,0,0,0,3,0,0,0,0,0,0,0,0,0,0,0,0,17,1,0,1,0,0,1,0,0,0,0,1,0,0,0,11,1,0
C:\FinalProject1\java_design_patterns-master\flyweight\src\main\java\me\zbl\flyweight\WeaponShop.java,me.zbl.flyweight.WeaponShop,class,4,6,2,4,9,1,0,9,0,0.52380955,0.33333334,0.5,7,0,4,3,0,0,4,0,2,0,3,1,0,3,0,0,1,0,2,47,2,2,0,0,0,2,0,4,0,4,1,0,0,0,35,1,2
C:\FinalProject1\java_design_patterns-master\java_design_patterns-master\template-method\src\main\java\me\zbl\template\method\PositiveLearningMethod.java,me.zbl.template.method.PositiveLearningMethod,class,3,5,2,3,4,2,0,3,1,0.33333334,0.33333334,0.33333334,3,0,0,0,3,0,3,0,0,0,1,1,0,1,0,0,1,0,0,14,1,0,0,0,0,4,0,1,0,1,1,0,0,0,13,1,2
C:\FinalProject1\java_design_patterns-master\java_design_patterns-master\proxy\src\main\java\me\zbl\proxy\DiningRoomProxy.java,me.zbl.proxy.DiningRoomProxy,class,4,6,2,4,3,1,0,3,0,0.33333334,1.0,1.0,2,0,2,0,0,0,2,0,0,0,3,1,0,3,0,0,1,0,0,18,0,0,0,0,0,2,1,2,0,3,1,0,0,0,14,1,2
C:\FinalProject1\java_design_patterns-master\java_design_patterns-master\decorator\src\test\java\me\zbl\decorator\HammerSmithOperationsTest.java,HammerSmithOperationsTest,class,4,4,0,4,1,1,0,6,0,0.0,NaN,NaN,1,0,1,0,0,0,1,0,0,0,0,0,0,0,0,0,0,0,0,12,0,0,0,0,0,0,3,2,0,2,0,0,0,0,12,1,0
C:\FinalProject1\java_design_patterns-master\command\src\main\java\me\zbl\command\Enlarge.java,me.zbl.command.Enlarge,class,4,6,2,4,5,2,0,3,4,0.5,0.3,0.3,5,0,5,0,0,0,5,0,0,0,2,0,0,2,0,0,2,0,0,20,1,0,0,0,0,1,0,2,0,2,0,0,0,0,12,1,0
C:\FinalProject1\java_design_patterns-master\java_design_patterns-master\abstract-factory\src\test\java\me\zbl\abstractFactory\AbstractFactoryTest.java,AbstractFactoryTest,class,12,12,0,12,3,1,0,8,1,0.44444445,0.0,0.0,3,0,3,0,0,0,3,0,0,0,3,0,0,3,0,0,0,0,0,26,0,0,0,0,0,0,0,7,0,7,0,0,0,0,23,1,0
C:\FinalProject1\java_design_patterns-master\java_design_patterns-master\builder\src\main\java\me\zbl\builder\Nationality.java,Nationality,enum,2,4,2,2,2,1,0,0,0,0.0,0.0,0.0,2,0,1,0,0,1,2,0,0,0,1,0,0,1,0,0,0,0,0,8,1,0,0,0,0,5,0,1,0,1,0,0,0,0,16,1,0
C:\FinalProject1\java_design_patterns-master\prototype\src\test\java\me\zbl\prototype\PrototypeTest.java,PrototypeTest,class,14,14,0,14,3,1,0,8,0,0.0,0.0,0.0,3,1,3,0,0,0,3,0,0,0,2,0,0,2,0,0,2,0,0,18,1,0,0,0,0,6,0,3,0,3,0,0,0,0,23,1,0
C:\FinalProject1\java_design_patterns-master\java_design_patterns-master\decorator\src\main\java\me\zbl\decorator\HammerSmithOperation.java,HammerSmithOperation,class,4,7,3,4,4,1,0,5,0,0.125,0.0,0.0,4,0,4,0,0,0,4,0,0,0,2,1,0,2,0,0,1,0,0,19,0,0,0,0,0,3,0,2,0,2,0,0,0,0,15,1,3
C:\FinalProject1\java_design_patterns-master\interpreter\src\main\java\me\zbl\interpreter\MinusExpression.java,me.zbl.interpreter.MinusExpression,class,1,2,1,1,3,2,0,1,1,0.33333334,0.33333334,0.33333334,3,0,3,0,0,0,3,0,0,0,2,0,0,2,0,0,0,0,0,14,2,0,0,0,0,1,0,2,1,2,0,0,0,0,9,1,0
C:\FinalProject1\java_design_patterns-master\java_design_patterns-master\interpreter\src\main\java\me\zbl\interpreter\Expression.java,Expression,class,2,8,6,2,2,1,5,0,1,0.0,0.0,0.0,2,0,2,0,0,0,2,2,0,0,0,0,0,0,0,0,0,0,0,4,0,0,0,0,0,0,0,0,0,0,0,0,0,0,5,1025,0
C:\FinalProject1\java_design_patterns-master\java_design_patterns-master\observer\src\main\java\me\zbl\observer\Application.java,me.zbl.observer.Application,class,3,3,0,3,1,1,0,2,0,0.0,NaN,NaN,1,1,1,0,0,0,1,0,0,0,0,0,0,0,0,0,0,0,0,16,0,0,0,0,0,0,0,1,0,1,0,0,0,0,8,1,0
C:\FinalProject1\java_design_patterns-master\command\src\main\java\me\zbl\command\Application.java,me.zbl.command.Application,class,6,6,0,6,1,1,0,4,0,0.0,NaN,NaN,1,1,1,0,0,0,1,0,0,0,0,0,0,0,0,0,0,0,0,26,0,0,0,0,0,0,0,5,0,5,0,0,0,0,14,1,0
C:\FinalProject1\java_design_patterns-master\chain\src\main\java\me\zbl\chain\Commander.java,me.zbl.chain.Commander,class,6,8,2,6,3,1,0,2,1,0.33333334,0.0,0.0,3,0,2,1,0,0,2,0,0,0,1,0,0,1,0,0,0,0,0,12,0,0,0,0,0,0,0,1,0,1,0,0,0,0,12,1,0
C:\FinalProject1\java_design_patterns-master\java_design_patterns-master\iterator\src\main\java\BookShelfIterator.java,BookShelfIterator,class,6,9,2,7,9,1,0,6,0,0.33333334,0.0,0.0,4,0,3,1,0,0,3,0,0,0,3,0,0,3,0,0,0,0,0,36,4,1,2,0,0,0,4,8,0,6,2,0,0,0,19,1,0
C:\FinalProject1\java_design_patterns-master\java_design_patterns-master\builder\src\test\java\me\zbl\builder\TestPerson.java,TestPerson,class,6,6,0,6,2,1,0,12,1,0.0,0.0,0.0,2,0,2,0,0,0,2,0,0,0,0,0,0,0,0,0,0,0,0,16,0,0,0,0,0,1,2,3,0,3,0,0,0,0,17,1,0
C:\FinalProject1\java_design_patterns-master\factory-method\src\main\java\me\zbl\factory\method\Food.java,me.zbl.factory.method.Food,interface,1,8,7,1,1,1,0,0,0,0.0,NaN,NaN,1,0,0,0,0,1,1,0,0,0,0,0,0,0,0,0,0,0,0,3,0,0,0,0,0,0,0,0,0,0,0,0,0,0,3,1,0
C:\FinalProject1\java_design_patterns-master\java_design_patterns-master\iterator\src\main\java\ItemIterator.java,ItemIterator,interface,1,3,2,1,2,1,1,0,1,0.0,0.0,0.0,2,0,0,0,0,2,2,0,0,0,0,0,0,0,0,0,0,0,0,4,0,0,0,0,0,0,0,0,0,0,0,0,0,0,5,1,0
C:\FinalProject1\java_design_patterns-master\prototype\src\main\java\me\zbl\prototype\EstatePassanger.java,EstatePassanger,class,4,7,3,4,2,1,0,0,1,0.0,0.0,0.0,2,0,1,0,1,0,2,0,0,0,0,0,0,0,0,0,0,0,0,8,2,0,0,0,0,1,0,0,0,0,0,0,0,0,10,1,0
C:\FinalProject1\java_design_patterns-master\decorator\src\test\java\me\zbl\decorator\CarpenterOperationsTest.java,me.zbl.decorator.CarpenterOperationsTest,class,7,7,0,7,3,2,0,7,0,0.0,1.0,1.0,3,0,3,0,0,0,3,0,0,0,1,0,0,1,0,0,0,0,0,35,0,0,0,0,0,3,1,2,0,2,0,0,1,0,17,1,0
C:\FinalProject1\java_design_patterns-master\java_design_patterns-master\strategy\src\main\java\me\zbl\strategy\TransportationStrategy.java,me.zbl.strategy.TransportationStrategy,interface,0,4,4,0,1,1,0,0,0,0.0,NaN,NaN,1,0,0,0,0,1,1,0,0,0,0,0,0,0,0,0,0,0,0,3,0,0,0,0,0,0,0,0,0,0,0,0,0,0,3,1,0
C:\FinalProject1\java_design_patterns-master\abstract-factory\src\main\java\me\zbl\abstractFactory\YoungSailor.java,me.zbl.abstractFactory.YoungSailor,class,1,3,2,1,1,1,0,0,0,0.0,NaN,NaN,1,0,1,0,0,0,1,0,0,0,1,1,0,0,0,1,1,0,0,6,1,0,0,0,0,1,0,1,0,1,0,0,0,0,14,1,0
C:\FinalProject1\java_design_patterns-master\java_design_patterns-master\builder\src\main\java\me\zbl\builder\Person.java,Builder,innerclass,7,8,1,7,6,1,0,0,10,0.8,0.0,0.0,5,0,5,0,0,0,5,0,0,0,4,0,0,4,0,0,0,0,0,28,5,0,1,0,0,1,0,4,0,4,1,0,0,0,15,9,0
C:\FinalProject1\java_design_patterns-master\interpreter\src\main\java\me\zbl\interpreter\NumberExpression.java,me.zbl.interpreter.NumberExpression,class,1,2,1,1,4,2,0,1,0,0.25,0.5,0.5,4,0,4,0,0,0,4,0,0,0,1,0,0,1,0,0,0,0,1,15,2,0,0,0,0,1,0,2,0,1,0,0,0,0,6,1,0
C:\FinalProject1\java_design_patterns-master\java_design_patterns-master\visitor\src\main\java\me\zbl\visitor\Manager.java,me.zbl.visitor.Manager,class,2,7,5,2,3,2,0,2,3,0.0,0.0,0.0,3,0,3,0,0,0,3,0,0,0,0,0,0,0,0,0,0,0,0,12,1,0,0,0,0,1,0,0,0,0,0,0,0,0,9,1,0
C:\FinalProject1\java_design_patterns-master\java_design_patterns-master\factory-method\src\main\java\me\zbl\factory\method\ChineseFood.java,ChineseFood,class,4,6,2,4,3,1,0,1,0,0.0,0.0,0.0,3,0,3,0,0,0,3,0,0,0,1,0,0,1,0,0,0,0,0,12,2,0,0,0,0,1,0,1,1,1,0,0,0,0,7,1,0
C:\FinalProject1\java_design_patterns-master\visitor\src\main\java\me\zbl\visitor\Unit.java,Unit,class,1,5,4,1,3,1,3,1,0,0.0,0.0,0.0,2,0,2,0,0,0,2,0,0,0,1,0,0,1,0,0,0,0,0,11,0,1,0,0,0,0,0,1,0,1,1,0,0,0,7,1025,0
C:\FinalProject1\java_design_patterns-master\command\src\main\java\me\zbl\command\Rubify.java,me.zbl.command.Rubify,class,4,6,2,4,5,2,0,3,4,0.5,0.3,0.3,5,0,5,0,0,0,5,0,0,0,2,0,0,2,0,0,2,0,0,20,1,0,0,0,0,1,0,2,0,2,0,0,0,0,12,1,0
C:\FinalProject1\java_design_patterns-master\singleton\src\main\java\me\zbl\singleton\EnumDirector.java,EnumDirector,enum,2,3,1,2,1,1,0,3,0,0.0,NaN,NaN,1,0,1,0,0,0,1,0,0,0,0,0,0,0,0,0,0,0,0,4,1,0,0,0,0,1,0,0,1,0,0,0,0,0,17,1,0
C:\FinalProject1\java_design_patterns-master\visitor\src\main\java\me\zbl\visitor\Boss.java,Boss,class,3,4,1,3,3,1,0,2,3,0.0,0.0,0.0,3,0,3,0,0,0,3,0,0,0,0,0,0,0,0,0,0,0,0,12,1,0,0,0,0,1,0,0,0,0,0,0,0,0,9,1,0
C:\FinalProject1\java_design_patterns-master\java_design_patterns-master\visitor\src\main\java\me\zbl\visitor\EngineerVisitor.java,me.zbl.visitor.EngineerVisitor,class,6,8,2,6,3,1,0,2,3,0.6666667,0.0,0.0,3,0,3,0,0,0,3,0,0,0,1,1,0,1,0,0,1,0,0,10,0,0,0,0,0,1,0,1,0,1,0,0,0,0,15,1,1
C:\FinalProject1\java_design_patterns-master\java_design_patterns-master\abstract-factory\src\main\java\me\zbl\abstractFactory\Member.java,Member,interface,1,4,3,1,1,1,3,0,0,0.0,NaN,NaN,1,0,0,0,0,1,1,0,0,0,0,0,0,0,0,0,0,0,0,3,0,0,0,0,0,0,0,0,0,0,0,0,0,0,3,1,0
C:\FinalProject1\java_design_patterns-master\flyweight\src\main\java\me\zbl\flyweight\Submachine.java,me.zbl.flyweight.Submachine,class,3,5,2,3,1,1,0,3,0,0.0,NaN,NaN,1,0,1,0,0,0,1,0,0,0,1,1,0,1,0,0,1,0,1,6,0,0,0,0,0,1,0,1,0,1,0,0,0,0,10,1,1
C:\FinalProject1\java_design_patterns-master\java_design_patterns-master\prototype\src\main\java\me\zbl\prototype\TeamFactory.java,me.zbl.prototype.TeamFactory,interface,3,5,2,3,3,1,0,0,3,0.0,0.0,0.0,3,0,0,0,0,3,3,0,0,0,0,0,0,0,0,0,0,0,0,5,0,0,0,0,0,0,0,0,0,0,0,0,0,0,6,1,0
C:\FinalProject1\java_design_patterns-master\template-method\src\main\java\me\zbl\template\method\NegativeLearinngMethod.java,NegativeLearinngMethod,class,5,7,2,5,4,1,0,3,1,0.33333334,0.0,0.0,3,0,0,0,3,0,3,0,0,0,1,1,0,1,0,0,1,0,0,14,1,0,0,0,0,4,0,1,0,1,1,0,0,0,14,1,2
C:\FinalProject1\java_design_patterns-master\java_design_patterns-master\composite\src\main\java\me\zbl\composite\Character.java,Character,class,2,3,1,2,2,1,0,1,0,0.0,0.0,0.0,2,0,2,0,0,0,2,0,0,0,1,0,0,1,0,0,0,0,0,9,0,0,0,0,0,0,0,1,0,1,0,0,0,0,4,1,0
C:\FinalProject1\java_design_patterns-master\java_design_patterns-master\singleton\src\test\java\me\zbl\singleton\ThreadSafeLazyLoadDirectorTest.java,me.zbl.singleton.ThreadSafeLazyLoadDirectorTest,class,2,2,0,2,1,2,0,0,0,0.0,NaN,NaN,1,0,1,0,0,0,1,0,0,0,0,0,0,0,0,0,0,0,0,5,0,0,0,0,0,0,0,0,0,0,0,0,0,0,6,1,0
C:\FinalProject1\java_design_patterns-master\java_design_patterns-master\adapter\src\main\java\me\zbl\adapter\Car.java,Car,interface,0,3,3,0,1,1,2,0,0,0.0,NaN,NaN,1,0,0,0,0,1,1,0,0,0,0,0,0,0,0,0,0,0,0,3,0,0,0,0,0,0,0,0,0,0,0,0,0,0,2,1,0
C:\FinalProject1\java_design_patterns-master\abstract-factory\src\main\java\me\zbl\abstractFactory\OldCaptain.java,me.zbl.abstractFactory.OldCaptain,class,1,2,1,1,1,1,0,0,0,0.0,NaN,NaN,1,0,1,0,0,0,1,0,0,0,1,1,0,0,0,1,1,0,0,6,1,0,0,0,0,1,0,1,0,1,0,0,0,0,14,1,0
C:\FinalProject1\java_design_patterns-master\java_design_patterns-master\factory-method\src\main\java\me\zbl\factory\method\WesternFood.java,WesternFood,class,4,6,2,4,3,1,0,1,0,0.0,0.0,0.0,3,0,3,0,0,0,3,0,0,0,1,0,0,1,0,0,0,0,0,12,2,0,0,0,0,1,0,1,1,1,0,0,0,0,7,1,0
C:\FinalProject1\java_design_patterns-master\java_design_patterns-master\strategy\src\main\java\me\zbl\strategy\TransportationVehicle.java,me.zbl.strategy.TransportationVehicle,class,3,5,2,3,1,1,0,2,0,0.0,NaN,NaN,1,0,1,0,0,0,1,0,0,0,1,1,0,1,0,0,1,0,0,6,0,0,0,0,0,1,0,1,0,1,0,0,0,0,10,1,1
C:\FinalProject1\java_design_patterns-master\java_design_patterns-master\chain\src\main\java\me\zbl\chain\Gunner.java,Gunner,class,3,4,1,3,4,1,0,4,3,0.0,0.0,0.0,3,0,3,0,0,0,3,0,0,0,0,0,0,0,0,0,0,0,0,17,1,0,1,0,0,1,0,0,0,0,1,0,0,0,11,1,0
C:\FinalProject1\java_design_patterns-master\java_design_patterns-master\state\src\main\java\me\zbl\state\Application.java,me.zbl.state.Application,class,1,1,0,1,1,1,0,2,0,0.0,NaN,NaN,1,1,1,0,0,0,1,0,0,0,0,0,0,0,0,0,0,0,0,10,0,0,0,0,0,0,0,1,0,1,0,0,0,0,6,1,0
C:\FinalProject1\java_design_patterns-master\facade\src\test\java\me\zbl\facade\CourseFacadeTest.java,me.zbl.facade.CourseFacadeTest$InMemoryAppender,innerclass,3,3,0,3,4,2,0,9,0,0.25,0.5,0.5,4,0,3,0,1,0,4,0,0,0,1,0,0,1,0,0,0,0,0,16,2,0,0,0,1,1,0,1,0,2,0,0,0,1,17,2,0
C:\FinalProject1\java_design_patterns-master\java_design_patterns-master\chain\src\main\java\me\zbl\chain\Request.java,RequestType,enum,0,1,1,0,0,1,0,0,0,0.0,-1.0,-1.0,0,0,0,0,0,0,0,0,0,0,0,0,0,0,0,0,0,0,0,1,0,0,0,0,0,0,0,0,0,0,0,0,0,0,13,1,0
C:\FinalProject1\java_design_patterns-master\java_design_patterns-master\composite\src\main\java\me\zbl\composite\ChineseSentence.java,ChineseSentence,class,3,4,1,3,3,1,0,2,1,0.0,0.0,0.0,2,0,2,0,0,0,2,0,0,0,0,0,0,0,0,0,0,0,0,10,0,1,0,0,0,1,0,0,0,0,1,0,0,0,10,1,0
C:\FinalProject1\java_design_patterns-master\abstract-factory\src\test\java\me\zbl\abstractFactory\AbstractFactoryTest.java,me.zbl.abstractFactory.AbstractFactoryTest,class,12,12,0,12,3,1,0,8,1,0.44444445,0.33333334,0.33333334,3,0,3,0,0,0,3,0,0,0,3,0,0,3,0,0,0,0,1,26,0,0,0,0,0,0,0,7,0,7,0,0,0,0,23,1,0
C:\FinalProject1\java_design_patterns-master\bridge\src\test\java\me\zbl\bridge\AncientWarTest.java,me.zbl.bridge.AncientWarTest,class,4,4,0,4,1,2,0,3,0,0.0,NaN,NaN,1,0,1,0,0,0,1,0,0,0,0,0,0,0,0,0,0,0,0,6,0,0,0,0,0,0,0,1,0,1,0,0,0,0,8,1,0
C:\FinalProject1\java_design_patterns-master\java_design_patterns-master\mediator\src\main\java\me\zbl\mediator\PartyMember.java,me.zbl.mediator.PartyMember,interface,2,5,3,2,3,1,0,0,3,0.0,0.0,0.0,3,0,0,0,0,3,3,0,0,0,0,0,0,0,0,0,0,0,0,5,0,0,0,0,0,0,0,0,0,0,0,0,0,0,7,1,0
C:\FinalProject1\java_design_patterns-master\java_design_patterns-master\visitor\src\main\java\me\zbl\visitor\BossVisitor.java,me.zbl.visitor.BossVisitor,class,6,8,2,6,3,1,0,2,3,0.6666667,0.0,0.0,3,0,3,0,0,0,3,0,0,0,1,1,0,1,0,0,1,0,0,10,0,0,0,0,0,1,0,1,0,1,0,0,0,0,15,1,1
C:\FinalProject1\java_design_patterns-master\java_design_patterns-master\decorator\src\main\java\me\zbl\decorator\Operation.java,Operation,interface,0,5,5,0,3,1,2,0,3,0.0,0.0,0.0,3,0,0,0,0,3,3,0,0,0,0,0,0,0,0,0,0,0,0,5,0,0,0,0,0,0,0,0,0,0,0,0,0,0,6,1,0
C:\FinalProject1\java_design_patterns-master\java_design_patterns-master\proxy\src\main\java\me\zbl\proxy\Customer.java,me.zbl.proxy.Customer,class,0,4,4,0,2,1,0,0,0,0.0,1.0,1.0,2,0,2,0,0,0,2,0,0,0,1,0,0,1,0,0,0,0,0,9,1,0,0,0,0,0,0,1,0,1,0,0,0,0,4,1,0
C:\FinalProject1\java_design_patterns-master\java_design_patterns-master\state\src\main\java\me\zbl\state\State.java,me.zbl.state.State,interface,0,3,3,0,2,1,0,0,1,0.0,0.0,0.0,2,0,0,0,0,2,2,0,0,0,0,0,0,0,0,0,0,0,0,4,0,0,0,0,0,0,0,0,0,0,0,0,0,0,4,1,0
C:\FinalProject1\java_design_patterns-master\singleton\src\test\java\me\zbl\singleton\SingletonTest.java,SingletonTest,class,8,13,5,8,5,1,0,6,0,0.0,0.0,0.0,3,0,3,0,0,0,3,0,0,0,1,0,0,1,0,0,1,0,0,28,0,2,0,0,0,0,4,10,0,10,1,0,0,0,36,1025,0
C:\FinalProject1\java_design_patterns-master\java_design_patterns-master\adapter\src\main\java\me\zbl\adapter\BusAdapter.java,BusAdapter,class,3,5,2,3,2,1,0,1,0,0.0,0.0,0.0,2,0,2,0,0,0,2,0,0,0,1,0,0,1,0,0,0,0,0,9,0,0,0,0,0,0,0,1,0,1,0,0,0,0,5,1,0
C:\FinalProject1\java_design_patterns-master\java_design_patterns-master\flyweight\src\main\java\me\zbl\flyweight\GunType.java,GunType,enum,0,1,1,0,0,1,0,0,0,0.0,-1.0,-1.0,0,0,0,0,0,0,0,0,0,0,0,0,0,0,0,0,0,0,0,1,0,0,0,0,0,0,0,0,0,0,0,0,0,0,13,1,0
C:\FinalProject1\java_design_patterns-master\flyweight\src\main\java\me\zbl\flyweight\Application.java,me.zbl.flyweight.Application,class,1,1,0,1,1,1,0,1,0,0.0,NaN,NaN,1,1,1,0,0,0,1,0,0,0,0,0,0,0,0,0,0,0,0,6,0,0,0,0,0,0,0,1,0,1,0,0,0,0,7,1,0
C:\FinalProject1\java_design_patterns-master\abstract-factory\src\main\java\me\zbl\abstractFactory\Ship.java,me.zbl.abstractFactory.Ship,interface,1,8,7,1,0,1,0,0,0,0.0,-1.0,-1.0,0,0,0,0,0,0,0,0,0,0,0,0,0,0,0,0,0,0,0,2,0,0,0,0,0,0,0,0,0,0,0,0,0,0,2,1,0
C:\FinalProject1\java_design_patterns-master\java_design_patterns-master\iterator\src\main\java\BookShelf.java,BookShelf,class,3,5,2,3,2,1,0,2,0,0.0,0.0,0.0,2,0,2,0,0,0,2,0,0,0,1,0,0,1,0,0,0,0,0,22,1,0,0,0,0,11,0,2,0,2,0,0,0,0,7,1,0
C:\FinalProject1\java_design_patterns-master\java_design_patterns-master\singleton\src\test\java\me\zbl\singleton\SingletonTest.java,me.zbl.singleton.SingletonTest,class,2,7,5,2,5,1,0,7,0,0.0,1.0,1.0,3,0,3,0,0,0,3,0,0,0,1,0,0,1,0,0,1,0,1,28,0,2,0,0,0,0,4,10,0,10,1,0,0,0,36,1025,0
C:\FinalProject1\java_design_patterns-master\builder\src\main\java\me\zbl\builder\Person.java,me.zbl.builder.Person$Builder,innerclass,4,4,0,4,6,1,0,0,10,0.8,0.0,0.0,5,0,5,0,0,0,5,0,0,0,4,0,0,4,0,0,0,0,0,28,5,0,1,0,0,1,0,4,0,4,1,0,0,0,15,9,0
C:\FinalProject1\java_design_patterns-master\composite\src\main\java\me\zbl\composite\Character.java,me.zbl.composite.Character,class,1,4,3,1,2,2,0,1,0,0.0,1.0,1.0,2,0,2,0,0,0,2,0,0,0,1,0,0,1,0,0,0,0,0,9,0,0,0,0,0,0,0,1,0,1,0,0,0,0,4,1,0
C:\FinalProject1\java_design_patterns-master\decorator\src\main\java\me\zbl\decorator\Application.java,me.zbl.decorator.Application,class,5,6,1,5,1,1,0,5,0,0.0,NaN,NaN,1,1,1,0,0,0,1,0,0,0,1,1,0,1,0,0,1,0,0,15,0,0,0,0,0,2,0,3,0,3,0,0,0,0,16,1,2
C:\FinalProject1\java_design_patterns-master\observer\src\main\java\me\zbl\observer\Northern.java,Northern,class,4,6,2,4,5,1,0,2,0,0.0,NaN,NaN,1,0,1,0,0,0,1,0,0,0,1,1,0,1,0,0,1,0,0,22,0,0,0,0,0,5,0,1,0,1,1,0,0,0,12,1,5
C:\FinalProject1\java_design_patterns-master\abstract-factory\src\main\java\me\zbl\abstractFactory\PermanentTeamFactory.java,me.zbl.abstractFactory.PermanentTeamFactory,class,7,9,2,7,3,1,0,0,3,0.0,0.0,0.0,3,0,3,0,0,0,3,0,0,0,0,0,0,0,0,0,0,0,0,11,3,0,0,0,0,0,0,0,0,0,0,0,0,0,8,1,0
C:\FinalProject1\java_design_patterns-master\adapter\src\main\java\me\zbl\adapter\Driver.java,me.zbl.adapter.Driver,class,1,3,2,1,2,1,0,1,0,0.0,1.0,1.0,2,0,2,0,0,0,2,0,0,0,1,0,0,1,0,0,0,0,0,9,0,0,0,0,0,0,0,1,0,1,0,0,0,0,4,1,0
C:\FinalProject1\java_design_patterns-master\java_design_patterns-master\template-method\src\main\java\me\zbl\template\method\NegativeLearinngMethod.java,me.zbl.template.method.NegativeLearinngMethod,class,3,5,2,3,4,2,0,3,1,0.33333334,0.33333334,0.33333334,3,0,0,0,3,0,3,0,0,0,1,1,0,1,0,0,1,0,0,14,1,0,0,0,0,4,0,1,0,1,1,0,0,0,14,1,2
C:\FinalProject1\java_design_patterns-master\java_design_patterns-master\prototype\src\main\java\me\zbl\prototype\Application.java,me.zbl.prototype.Application,class,13,14,1,13,1,1,0,6,0,0.0,NaN,NaN,1,1,1,0,0,0,1,0,0,0,1,1,0,1,0,0,1,0,0,25,0,0,0,0,0,2,0,9,0,5,0,0,0,0,24,1,8
C:\FinalProject1\java_design_patterns-master\factory-method\src\main\java\me\zbl\factory\method\ChineseCook.java,me.zbl.factory.method.ChineseCook,class,4,6,2,4,1,1,0,0,0,0.0,NaN,NaN,1,0,1,0,0,0,1,0,0,0,0,0,0,0,0,0,0,0,0,5,1,0,0,0,0,0,0,0,0,0,0,0,0,0,6,1,0
C:\FinalProject1\java_design_patterns-master\state\src\main\java\me\zbl\state\Coder.java,Coder,class,3,6,3,3,5,1,0,5,0,0.0,0.0,0.0,4,0,3,1,0,0,3,0,0,0,1,0,0,1,0,0,0,0,0,21,0,0,0,0,0,0,0,2,0,1,1,0,0,0,11,1,0
C:\FinalProject1\java_design_patterns-master\memento\src\main\java\me\zbl\memento\Flower.java,Flower,class,5,6,1,5,16,1,0,8,40,0.75,0.0,0.0,12,0,10,0,0,2,12,0,0,0,4,0,0,4,0,0,1,0,0,94,6,0,0,0,0,1,4,8,2,5,1,0,1,0,18,1,0
C:\FinalProject1\java_design_patterns-master\chain\src\main\java\me\zbl\chain\Gunner.java,me.zbl.chain.Gunner,class,2,3,1,2,4,2,0,4,3,0.0,0.0,0.0,3,0,3,0,0,0,3,0,0,0,0,0,0,0,0,0,0,0,0,17,1,0,1,0,0,1,0,0,0,0,1,0,0,0,11,1,0
C:\FinalProject1\java_design_patterns-master\java_design_patterns-master\abstract-factory\src\main\java\me\zbl\abstractFactory\OldShip.java,OldShip,class,2,3,1,2,1,1,0,0,0,0.0,NaN,NaN,1,0,1,0,0,0,1,0,0,0,1,1,0,0,0,1,1,0,0,6,1,0,0,0,0,1,0,1,0,1,0,0,0,0,14,1,0
C:\FinalProject1\java_design_patterns-master\java_design_patterns-master\mediator\src\main\java\me\zbl\mediator\Student.java,me.zbl.mediator.Student,class,1,2,1,1,1,2,0,0,0,0.0,NaN,NaN,1,0,1,0,0,0,1,0,0,0,0,0,0,0,0,0,0,0,0,5,1,0,0,0,0,1,0,0,0,0,0,0,0,0,6,1,0
C:\FinalProject1\java_design_patterns-master\java_design_patterns-master\observer\src\main\java\me\zbl\observer\Southern.java,me.zbl.observer.Southern,class,4,6,2,4,5,1,0,2,0,0.0,NaN,NaN,1,0,1,0,0,0,1,0,0,0,1,1,0,1,0,0,1,0,0,22,0,0,0,0,0,5,0,1,0,1,1,0,0,0,12,1,5
C:\FinalProject1\java_design_patterns-master\java_design_patterns-master\visitor\src\main\java\me\zbl\visitor\UnitVisitor.java,me.zbl.visitor.UnitVisitor,interface,3,10,7,3,3,1,0,0,3,0.0,0.0,0.0,3,0,0,0,0,3,3,0,0,0,0,0,0,0,0,0,0,0,0,5,0,0,0,0,0,0,0,0,0,0,0,0,0,0,9,1,0
C:\FinalProject1\java_design_patterns-master\facade\src\test\java\me\zbl\facade\CourseFacadeTest.java,me.zbl.facade.CourseFacadeTest,class,6,6,0,6,3,2,0,8,0,0.0,1.0,1.0,3,0,3,0,0,0,3,0,0,0,1,0,0,1,0,0,0,0,0,44,0,0,0,0,0,10,3,2,0,2,0,0,1,0,21,1,0
C:\FinalProject1\java_design_patterns-master\java_design_patterns-master\proxy\src\main\java\me\zbl\proxy\DiningRoom.java,me.zbl.proxy.DiningRoom,class,4,6,2,4,1,1,0,2,0,0.0,NaN,NaN,1,0,1,0,0,0,1,0,0,0,1,1,0,1,0,0,1,0,0,6,0,0,0,0,0,1,0,1,0,1,0,0,0,0,11,1,1
C:\FinalProject1\java_design_patterns-master\composite\src\main\java\me\zbl\composite\Application.java,me.zbl.composite.Application,class,2,2,0,2,1,1,0,3,0,0.0,NaN,NaN,1,1,1,0,0,0,1,0,0,0,0,0,0,0,0,0,0,0,0,8,0,0,0,0,0,0,0,2,0,2,0,0,0,0,9,1,0
C:\FinalProject1\java_design_patterns-master\facade\src\main\java\me\zbl\facade\CourseParticipator.java,me.zbl.facade.CourseParticipator$Event,enum,0,0,0,0,0,1,0,0,0,0.0,-1.0,-1.0,0,0,0,0,0,0,0,0,0,0,0,0,0,0,0,0,0,0,0,1,0,0,0,0,0,0,0,0,0,0,0,0,0,0,11,8,0
C:\FinalProject1\java_design_patterns-master\java_design_patterns-master\decorator\src\main\java\me\zbl\decorator\CarpenterOperation.java,CarpenterOperation,class,4,8,4,4,3,1,0,2,0,0.0,0.0,0.0,3,0,3,0,0,0,3,0,0,0,1,1,0,1,0,0,1,0,0,12,0,0,0,0,0,3,0,1,0,1,0,0,0,0,13,1,3
C:\FinalProject1\java_design_patterns-master\abstract-factory\src\main\java\me\zbl\abstractFactory\TeamFactory.java,me.zbl.abstractFactory.TeamFactory,interface,3,6,3,3,3,1,0,0,3,0.0,0.0,0.0,3,0,0,0,0,3,3,0,0,0,0,0,0,0,0,0,0,0,0,5,0,0,0,0,0,0,0,0,0,0,0,0,0,0,6,1,0
C:\FinalProject1\java_design_patterns-master\java_design_patterns-master\command\src\main\java\me\zbl\command\Enlarge.java,Enlarge,class,5,6,1,5,5,1,0,3,4,0.5,0.0,0.0,5,0,5,0,0,0,5,0,0,0,2,0,0,2,0,0,2,0,0,20,1,0,0,0,0,1,0,2,0,2,0,0,0,0,12,1,0
C:\FinalProject1\java_design_patterns-master\command\src\main\java\me\zbl\command\Size.java,me.zbl.command.Size,enum,0,2,2,0,2,1,0,0,0,0.0,1.0,1.0,2,0,1,0,0,1,2,0,0,0,1,0,0,1,0,0,0,0,0,8,1,0,0,0,0,2,0,1,0,1,0,0,0,0,12,1,0
C:\FinalProject1\java_design_patterns-master\java_design_patterns-master\flyweight\src\main\java\me\zbl\flyweight\WeaponShop.java,WeaponShop,class,5,7,2,5,9,1,0,9,0,0.52380955,0.0,0.0,7,0,4,3,0,0,4,0,2,0,3,1,0,3,0,0,1,0,0,47,2,2,0,0,0,2,0,4,0,4,1,0,0,0,35,1,2
C:\FinalProject1\java_design_patterns-master\java_design_patterns-master\template-method\src\main\java\me\zbl\template\method\Application.java,me.zbl.template.method.Application,class,5,6,1,5,1,1,0,4,0,0.0,NaN,NaN,1,1,1,0,0,0,1,0,0,0,1,1,0,1,0,0,1,0,0,10,0,0,0,0,0,5,0,2,0,2,0,0,0,0,18,1,1
C:\FinalProject1\java_design_patterns-master\java_design_patterns-master\mediator\src\main\java\me\zbl\mediator\Activity.java,me.zbl.mediator.Activity,enum,0,4,4,0,3,1,0,0,0,0.33333334,0.6666667,1.0,3,0,2,0,0,1,3,0,0,0,2,0,0,2,0,0,0,0,0,13,2,0,0,0,0,8,0,2,0,2,0,0,0,0,23,1,0
C:\FinalProject1\java_design_patterns-master\java_design_patterns-master\proxy\src\main\java\me\zbl\proxy\Room.java,me.zbl.proxy.Room,interface,1,3,2,1,1,1,0,0,0,0.0,NaN,NaN,1,0,0,0,0,1,1,0,0,0,0,0,0,0,0,0,0,0,0,3,0,0,0,0,0,0,0,0,0,0,0,0,0,0,4,1,0
C:\FinalProject1\java_design_patterns-master\mediator\src\main\java\me\zbl\mediator\Officer.java,Officer,class,3,4,1,3,1,1,0,0,0,0.0,NaN,NaN,1,0,1,0,0,0,1,0,0,0,0,0,0,0,0,0,0,0,0,5,1,0,0,0,0,1,0,0,0,0,0,0,0,0,6,1,0
